addr:city,addr:country,addr:housename,addr:housenumber,addr:postcode,addr:street,addr:suburb,alt_name,amenity,brand,capacity,cuisine,cuisine_1,delivery,description,designation,diet:vegetarian,drive_in,email,fixme,int_name,internet_access,internet_access:fee,lat,leisure,level,lon,name,name:en,name:es,name:fr,note,official_name,old_name,opening_hours,operator,outdoor_seating,payment:bitcoin,payment:coins,payment:credit_cards,payment:debit_cards,payment:mastercard,payment:notes,payment:source:mastercard,payment:visa_debit,phone,public_transport,railway:historic,shop,smoking,stars,takeaway,toilets:wheelchair,website,wheelchair,wheelchair:description,wifi
,,,,,,,,school,,,,,,,,,,,,,,,19.3739868,,,-99.1857952,,,,,,,,,,,,,,,,,,,,,,,,,,,,,,
,,,1291,03900,Insurgentes Sur,,,restaurant,,,,,,,,,,,,,,,19.3740853,,,-99.1792587,California,,,,,,,,,,,,,,,,,,+52 55 55631216;+52 55 55631217,,,,,,,,,,,
,,,,,,,,school,,,,,,,,,,,,,,,19.3708602,,,-99.1844795,Simón Bolivar,,,,,,,,,,,,,,,,,,,,,,,,,,,,,
,,,,,,,,restaurant,,,,,,,,,,,,,,,19.3885172,,,-99.19095,La Estación,,,,,,,,,,,,,,,,,,,,station,,,,,,,,,
,,,,,,,,restaurant,,,,,,,,,,,,,,,19.4276384,,,-99.2116606,Taquería La Onda,,,,,,,,,,,,,,,,,,,,,,,,,,,,,
,,,,,,,,school,,,,,,,,,,,,,,,19.3746933,,,-99.1853792,,,,,,,,,,,,,,,,,,,,,,,,,,,,,,
,,,,,,,,restaurant,,,,,,,,,,,,,,,19.4159735,,,-99.1696719,Barracuda Diner,,,,,,,,,,,,,,,,,,,,,,,,,,,,,
,,,,,,,,restaurant,,,,,,,,,,,,,,,19.416362,,,-99.1706075,La Biela,,,,,,,,,,,,,,,,,,,,,,,,,,,,,
,,,,,,,,restaurant,,,,,,,,,,,,,,,19.3958298,,,-99.1762066,,,,,,,,,,,,,,,,,,,,,,,,,,,,,,
,,,,,,,,restaurant,,,,,,,,,,,,,,,19.395757,,,-99.1719772,Chili's,,,,,,,,,,,,,,,,,,,,,,,,,,,,,
,,,,,,,,restaurant,,,,,,,,,,,,,,,19.3953223,,,-99.1722289,La Strega,,,,,,,,,,,,,,,,,,,,,,,,,,,,,
,,,,,,,,restaurant,,,,,,,,,,,,,,,19.3970604,,,-99.1660034,Sanborns Aviamex,,,,,,,,,,,,,,,,,,,,,,,,,,,,,
,,,85,,Nueva York,,,restaurant,,,japanese,,no,,,,,,,,,,19.3942701,,,-99.1784481,El Samurai,,,,,,,,,,,,,,,,,,55 5523 1469,,,,,,,,,,,
,,,,,,,,restaurant,,,,,,,,,,,,,,,19.3955981,,,-99.1811337,Sanborn's,,,,,,,,,,,,,,,,,,,,,,,,,,,,,
,,,14,,Torres Adalid,,,restaurant,,,japanese,,,,,,,,,,,,19.392707,,,-99.1718061,Suntory,,,,,,,,,,,,,,,,,,+52 55 55369432,,,,,,,,,,,
,,,,,,,,restaurant,,,,,,,,,,,,,,,19.3902748,,,-99.1721887,Japanese,,,,,,,,,,,,,,,,,,,,,,,,,,,,,
,,,,,,,,school,,,,,,,,,,,,,,,19.3978111,,,-99.1642324,,,,,,,,,,,,,,,,,,,,,,,,,,,,,,
,,,,,,,,school,,,,,,,,,,,,,,,19.3990012,,,-99.1667558,,,,,,,,,,,,,,,,,,,,,,,,,,,,,,
,,,,,,,,school,,,,,,,,,,,,,,,19.39586,,,-99.1652709,,,,,,,,,,,,,,,,,,,,,,,,,,,,,,
,,,,,,,,school,,,,,,,,,,,,,,,19.395779,,,-99.1647474,,,,,,,,,,,,,,,,,,,,,,,,,,,,,,
,,,,,,,,school,,,,,,,,,,,,,,,19.3870837,,,-99.1730901,,,,,,,,,,,,,,,,,,,,,,,,,,,,,,
,,,,,,,,restaurant,,,,,,,,,,,,,,,19.3908224,,,-99.1731207,La Mansion,,,,,,,,,,,,,,,,,,,,,,,,,,,,,
,,,,,,,,restaurant,,,,,,,,,,,,,,,19.3869085,,,-99.1742951,Sanborn's,,,,,,,,,,,,,,,,,,,,,,,,,,,,,
,,,,,,,,restaurant,,,,,,,,,,,,,,,19.3930539,,,-99.174937,Pajares,,,,,,,,,,,,,,,,,,,,,,,,,,,,,
Ciudad de México,,,905,03810,Avenida Insurgentes Sur,,,restaurant,,,,,,,,,,,,,,,19.3866468,,,-99.1750622,Bahía Capital,,,,,,,,,,,,,,,,,,,,,,,,,,,,,
,,,,,,,,restaurant,,,,,,,,,,,,,,,19.394006,,,-99.1754848,Le Gourmet,,,,,,,,,,,,,,,,,,,,,,,,,,,,,
,,,,,,,,restaurant,,,,,,,,,,,,,,,19.3929697,,,-99.1757938,Rafaello's,,,,,,,,,,,,,,,,,,,,,,,,,,,,,
,,,,,,,,restaurant,,,,,,,,,,,,,,,19.3888172,,,-99.1780817,Giancarlo's,,,,,,,,,,,,,,,,,,,,,,,,,,,,,
,,,,,,,,restaurant,,,,,,,,,,,,,,,19.3887015,,,-99.1777088,China Inn,,,,,,,,,,,,,,,,,,,,,,,,,,,,,
Distrito Federal,,,,,San Francisco,,,restaurant,,,,,,,,,,,,,,,19.3843056,,,-99.175222,Vips,,,,,,,07:00-22:00,,,,,,,,,,,,,,,outside,,,,,,,
,,,,,,,,restaurant,,,,,,,,,,,,,,,19.4322505,,,-99.1642929,,,,,,,,,,,,,,,,,,,,,,,,,,,,,,
,,,,,,,,restaurant,,,,,,,,,,,,,,,19.4287021,,,-99.1620496,,,,,,,,,,,,,,,,,,,,,,,,,,,,,,
,,,,,,,,school,,,,,,,,,,,,,,,19.4015505,,,-99.199763,,,,,,,,,,,,,,,,,,,,,,,,,,,,,,
,,,,,,,,school,,,,,,,,,,,,,,,19.4011134,,,-99.199454,,,,,,,,,,,,,,,,,,,,,,,,,,,,,,
,,,,,,,,school,,,,,,,,,,,,,,,19.4041553,,,-99.1955339,,,,,,,,,,,,,,,,,,,,,,,,,,,,,,
,,,,,,,,restaurant,,,,,,,,,,,,,,,19.4078159,,,-99.1681185,Sanborns,,,,,,,,,,,,,,,,,,,,,,,,,,,,,
,,,,,,,,restaurant,,,,,,,,,,,,,,,19.3705607,,,-99.1797066,Gino's Insurgentes,,,,,,,,,,,,,,,,,,,,,,,,,,,,,
,,,,04100,,,,restaurant,,,coffee_shop,,,,,,,,,,,,19.3564569,,,-99.1550448,Drupa Café,,,,,,,,,,,,,,,,,,,,,,,,,,,,,
,,,347,,Moras,,,restaurant,,,mexican,,,,,,,,,,,,19.3753419,,,-99.1736325,Fonda 99.99,,,,,,,Tu-Sa 13:00-21:00 Su 13:00-18:00,,,,,,,,,,,,,,,,,,,,,,
,,,1261,,Insurgentes Sur,,,restaurant,,,,,,,,,,,,,,,19.3751678,,,-99.1787724,Konditori,,,,,,,Mo-Su 07:00-23:30,,,,,,,,,,,+52 55 85000852,,,,,,,,,,,
,,,,,Xicoténcatl,,,school,,,,,,,,,,,,,,,19.3536644,,,-99.1539517,Facultad de Música UNAM,,,,,,,,,,,,,,,,,,,,,,,,,,,,,
,,,59,03940,Av Río Mixcoac,,,restaurant,,,mexican,,,,,,,,,,,,19.3661798,,,-99.1791096,El Fogoncito,,,,,,,,,,,,,,,,,,+52 55 56617603,,,,,,,,,,,
Ciudad de México,MX,,180,06700,Av. Insurgentes Sur,,,restaurant,,,,,,,,,,,,,,,19.4216742,,,-99.1633741,Vips,,,,,,,Mo-Su 07:00-22:00,,,,,,,,,,,,,,,,,,,,,,
,,,38,03810,Arkansas,,,restaurant,,,japanese,,,,,,,,,,,,19.3915426,,,-99.1746948,Nagaoka,,,,,,,Tu-Sa 13:00-22:30 Su 13:00-19:30,,,,,,,,,,,+52 55 55439530,,,,,,,,,,,
,,,647,06850,José Antonio Torres,,,restaurant,,,,,,,,,,,,,,,19.4078532,,,-99.1337111,Vips,,,,,,,Su-Th 07:00-24:00 Fr-Sa 07:00-13:00,,,,,,,,,,,+52 55 57403198,,,,,,,,,,,
,,,194,,Colima,,,restaurant,,,spanish,,,,,,,,,,,,19.4195899,,,-99.1610348,Centro Gallego de México,,,,,,,,,,,,,,,,,,,,,,,,,,,,,
,,,,,,,,bar,,,,,,,,,,,,,,,19.3675608,,,-99.1818053,Vor Hal,,,,,,,,,,,,,,,,,,,,,,,,,,,,,
,,,,,,,,bar,,,,,,,,,,,,,,,19.367409,,,-99.1812366,,,,,,,,,,,,,,,,,,,,,,,,,,,,,,
,,,14,06600,Insurgentes Sur,,,restaurant,,,,,,,,,,,,,,,19.4297673,,,-99.1600271,Vips,,,,,,,24/7,,,,,,,,,,,+52 55 55668506,,,,,,,,,,,
,,,,,,,,restaurant,,,,,,,,,,,,,,,19.3889034,,,-99.1767765,Fisher's,,,,,,,,,,,,,,,,,,,,,,,,,,,,,
,,,,,,,,restaurant,,,,,,,,,,,,,,,19.3930072,,,-99.1732204,Café Palacio,,,,,,,,,,,,,,,,,,,,,,,,,,,,,
,,,,,,,,restaurant,,,,,,,,,,,,,,,19.3911716,,,-99.1768701,Pizza,,,,,,,,,,,,,,,,,,,,,,,,,,,,,
,,,1149,03660,Calz. de Tlalpan,,,restaurant,,,,,,,,,,,,,,,19.3757354,,,-99.140967,Wings,,,,,,,,Wings,,,,,,,,,,+52 55 52430328,,,,,,,,,,,
,,,,,,,,restaurant,,,,,,,,,,,,,,,19.4084563,,,-99.1616211,Benedetis Pizza,,,,,,,,,,,,,,,,,,,,,,,,,,,,,
,,,,,,,,restaurant,,,,,,,,,,,,,,,19.3885973,,,-99.1742263,Sushi Roll,,,,,,,,,,,,,,,,,,,,,,,,,,,,,
,,,136,,Tamaulipas,,,restaurant,,,,,,,,,,,,,,,19.4094062,,,-99.1755542,Frankfurt,,,,,,,,,,,,,,,,,,55-5256-0767,,,,,,,,,,,
,,,241,,Amsterdam,,,restaurant,,,,,,,,,,,,,,,19.4106504,,,-99.1678157,Specia,,,,,,,,,,,,,,,,,,55-5564-1367,,,,,,,,,,,
,,,,,,,,restaurant,,,,,,,,,,,,,,,19.411345,,,-99.155151,Italiannis,,,,,,,,,,,,,,,,,,,,,,,,,,,,,
,,,38,03810,Montecitos,,,restaurant,,,,,,,,,,,,,,,19.3944515,,,-99.1729552,IHop,,,,,,,Su-Th 07:00-23:00;Fr-Sa 07:00-00:00,IHOP,,,,,,,,,,,,,,,,,,,,,
,,,,,,,,restaurant,,,,,,,,,,,,,,,19.413278,,,-99.154575,Sanborns,,,,,,,,,,,,,,,,,,,,,,,,,,,,,
,,,,,,,,restaurant,,,,,,,,,,,,,,,19.412327,,,-99.15485,Potzolcalli,,,,,,,,,,,,,,,,,,,,,,,,,,,,,
,,,,,,,,school,,,,,,,,,,,,,,,19.4309973,,,-99.1503339,CECyT No. 5,,,,,,,,Instituto Politécnico Nacional,,,,,,,,,,,,,,,,,,,,,
,,,,,,,,restaurant,,,mexican,,,,,,,,,,wlan,,19.381883,,,-99.1796333,Taquería El Huequito,,,,,,,Mo-Su 09:00-04:00,,,,,,,,,,,5598-9027,,,,separated,5,,,http://www.elhuequito.com.mx/,yes,,
"Benito Juárez , CDMX.",,,,03730,"Av.Revolución 780 Módulo 1 , Colonia San Juan",,,restaurant,,,,,,,,,,,,,,,19.3797601,,,-99.1867638,Toks Revolución,,,,,,,,,,,,,,,,,,,,,,,,,,,yes,"Restaurante totalmente accesible , rampas , baños con espacio para silla de ruedas.",
,,,,,,,,bar,,,,,,,,,,,,,,,19.3788678,,,-99.1869912,Bulldog,,,,,,,,,,,,,,,,,,,platform,,,,,,,,,,
,,,,,,,,school,,,,,,,,,,,,,,,19.3781585,,,-99.1852418,Jean Peaget,,,,,,,,,,,,,,,,,,,,,,,,,,,,,
,,,,,Nattier,,,school,,,,,,,,,,,,,,,19.3790289,,,-99.1837719,Tabasco,,,,,,,,,,,,,,,,,,,,,,,,,,,,,
,,,,,,,,restaurant,,,,,,,,,,,,,,,19.3731351,,,-99.1756809,Clip,,,,,,,,,,,,,,,,,,,,,,isolated,3,,,,,,
,,,,,,,,restaurant,,,,,,,,,,,,,,,19.3571738,,,-99.1989476,Toks,,,,,,,,Toks,,,,,,,,,,,,,,,,,,,,,
,,,,,,,,restaurant,,,mexican,,,,,,,,,,,,19.359697,,,-99.1978402,El Tizoncito,,,,,,,,El Tizoncito,,,,,,,,,,,,,,,,,,,,,
,,,,,,,,restaurant,,,,,,,,,,,,,,,19.3633156,,,-99.1894275,Toks,,,,,,,,Toks,,,,,,,,,,,,,,,,,,,,,
Benito Juárez CDMX,,,520,03310,"Yácatas,Sta.Cruz Atoyac",,,restaurant,,,,,,,,,,,,,no,,19.3641845,,,-99.1608448,Toks Popocatépetl,,,,,,,,Toks,,,,,,,,,,+52 55 56887653; +52 55 56887638,,,,isolated,,,,http://www.toks.com.mx,limited,"Estacionamiento accesible , no cuenta con rampas para acceso , acceso por el estacionamiento , baños muy espaciosos para silla de ruedas.",
,,,201,,Torres Adalid,,,restaurant,,,italian,,,,,,,,,,,,19.3921348,,,-99.1708091,La Tavola,,,,,,,,,,,,,,,,,,+52 55 55437360,,,,,,,,,,,
,,,1431,03900,Insurgentes Sur,,,restaurant,,,mexican,,,,,,,,,,,,19.3696654,,,-99.1806011,Potzolcalli,,,,,,,,,,,,,,,,,,+52 55 55638564; +52 55 55984518,,,,,,,,http://www.potzollcalli.com.mx/,,,
,,,,,,,,restaurant,,,,,,,,,,,,,,,19.3893152,,,-99.1736888,Sushi Roll,,,,,,,,,,,,,,,,,,,,,,,,,,,,,
,,,836,03100,Insurgentes Sur,,,restaurant,,,burger,,,,,,,,,,,,19.3887302,,,-99.1738819,Ruben's Hamburgers Insurgentes,,,,,,,,Ruben's Hamburgers,,,,,,,,,,+52 55 56825341; +52 55 56825343,,,,,,,,,,,
,,,,,,,,school,,,,,,,,,,,,,,,19.4345324,,,-99.2138871,Escuela Militar de Graduados de Sanidad,,,,,,,,,,,,,,,,,,,,,,,,,,,,,
,,,1238,03100,José Enrique Pestalozzi,,,restaurant,,,japanese,,,,,,,,,,,,19.3779779,,,-99.1615348,Deigo,,,,,,,Tu-Sa 13:00-22:00;Su 13:00-19:00,,,,,,,,,,,+52  55 56056317,,,,isolated,,,,,,,
,,,1114,03100,Matías Romero,,,restaurant,,,,,,,,,,,,,,,19.3796051,,,-99.1619776,El Rincón del Parque,,,,,,,Mo-Sa 08:00-22:00; Su 8:30-20:00,,,,,,,,,,,+52  55 56056831,,,,,,,,,,,
,,,326,03100,Félix Cuevas,,,restaurant,,,pizza,,,,,,,,,,,,19.3730109,,,-99.1747238,Benedetti's Félix Cuevas,,,,,,,,Benedetti's Pizza,,,,,,,,,,+52 55 55753663,,,,,,,,http://www.benedettis.com/,,,
,,,1659,,Gabriel Mancera,,,school,,,,,,,,,,,,,,,19.3675033,,,-99.1690031,Escuela Mexicana Americana,,,,,,,,,,,,,,,,,,+52 55 55240206; +52 55 55341660; +52 55 55240214,,,,,,,,,,,
,,,,,,,,school,,,,,,,,,,,,,,,19.3567161,,,-99.1751065,CAPEP Alvaro Obregón 2,,,,,,,,,,,,,,,,,,,,,,,,,,,,,
,,,675,03810,Insurgentes Sur,,,restaurant,,,,,,,,,,,,,,,19.3948726,,,-99.1724681,Garabatos Insurgentes,,,,,,,,Garabatos,,,,,,,,,,+52 55 55439448; +52 55 55439457,,,,,,,,,,,
,,,,,,,,restaurant,,,,,,,,,,,,,,,19.3752255,,,-99.1783553,El Buen Bife,,,,,,,,,,,,,,,,,,,,,,,,,,,,,
,,,,,,,,restaurant,,,,,,,,,,,,,,,19.3810617,,,-99.1763259,Freedom,,,,,,,,,,,,,,,,,,,,,,,,,,,,,
,,,,,,,,restaurant,,,,,,,,,,,,,,,19.3891063,,,-99.1737469,Hooters,,,,,,,,Hooters,,,,,,,,,,,,,,,,,,,,,
,,,,,,,,school,,,,,,,,,,,,,,,19.4328573,sports_centre,,-99.1485952,Casa de Oficios / YWCA,,,,,,,,,,,,,,,,,,,,,,,,,,,,,
,,,,,,,,restaurant,,,,,,,,,,,,,,,19.4061681,,,-99.1687456,Vips,,,,,,,,,,,,,,,,,,,,,,,,,,,,,
,,,1777,01020,Insurgentes Sur,,,restaurant,,,italian,,,,,,,,,,,,19.3579591,,,-99.1843196,Gino's Guadalupe Inn,,,,,,,,Gino's Ristorante,,,,,,,,,,+52 55 56610777,,,,,,,,http://www.ginos.com.mx/,,,
,,,,,,,,restaurant,,,mexican,,,,,,,,,,,,19.4032812,,,-99.1691022,El Gallito,,,,,,,,,,,,,,,,,,,,,,,,,,,,,
,,,,,,,,restaurant,,,,,,,,,,,,,,,19.4051544,,,-99.1692072,Pane en Via,,,,,,,,,,,,,,,,,,,,,,,,,,,,,
,,,,,,,,restaurant,,,mexican,,,,,,,,,,,,19.370767,,,-99.1856271,El Charco de las Ranas,,,,,,,,El Charco de las Ranas,,,,,,,,,,,,,,,,,,http://www.elcharcodelasranas.com/,,,
,,,129,,Madrid,,,restaurant,,,arab,,,,,,,,,,,,19.3566113,,,-99.1684555,El Sheik,,,,,,,,,,,,,,,,,,+52 55 56593311,,,,,,,,,,,
,,,5,,Matamoros,,,restaurant,,,sushi,,,,,,,,,,,,19.3562913,,,-99.1685637,Sushi-itto Coyoacán,,,,,,,Mo-Th 13:00-23:00; Fr-Sa 13:00-00:00; Su 13:00-22:00,Sushi-itto,,,,,,,,,,+52 55 55545735; +52 55 55545739,,,,,,,,http://www.sushi-itto.com.mx/,,,
,,,,,,,,restaurant,,,,,,,,,,,,,,,19.4251765,,,-99.164068,Sanborn's,,,,,,,,,,,,,,,,,,,,,,,,,,,,,
,,,,,,,,restaurant,,,,,,,,,,,,,,,19.4260823,,,-99.1624315,Vip's,,,,,,,,,,,,,,,,,,,,,,,,,,,,,
,,,,,,,,restaurant,,,,,,,,,,,,,,,19.4268542,,,-99.1636103,Angus,,,,,,,,,,,,,,,,,,,,,,,,,,,,,
,,,,,,,,restaurant,,,,,,,,,,,,,,,19.4250526,,,-99.1651995,Sanborn's,,,,,,,,,,,,,,,,,,,,,,,,,,,,,
,,,,,,,,restaurant,,,,,,,,,,,,,,,19.4265709,,,-99.1642916,Cafe Ventura,,,,,,,,,,,,,,,,,,,,,,,,,,,,,
,,,,,,,,bar,,,,,,,,,,,,,,,19.4259764,,,-99.1649675,Bukowski's,,,,,,,,,,,,,,,,,,,,,,,,,,,,,
,,,,,,,,restaurant,,,,,,,,,,,,,,,19.3736926,,,-99.1606679,Gelee,,,,,,,,,,,,,,,,,,,,,,,,,,,,,
,,Ciudad de Mexico,Iztacalco,08210,Plan de Ayala 327,,La troje,restaurant,,,spanish,,,,,,,,,La troje,,,19.3997047,,,-99.1248161,"Pozoleria ""La Troje""",,,,,,La troje,,,,,,,,,,,,,,,,,,,,,,,
,,,,,,,,restaurant,,,mexican,,,,,,,,,,,,19.4326846,,,-99.137356,La casa del Pavo,,,,,,,,,,,,,,,,,,,,,,,,,,,,,
,,,84,06700,Avenida Yucatán,,,restaurant,,,mexican,,,,,,,,,,,,19.4140824,,,-99.1625995,El Parnita,,,,,,,,,,,,,,,,,,,,,,,,,,http://www.elparnita.com/,,,
,,,,,,,Prepa Siete,school,,,,,,,,,,,,,,,19.4189455,,,-99.1266433,Escuela Nacional Preparatoria No. 7,,,,,,,,,,,,,,,,,,,,,,,,,,,,,
Ciudad de México,MX,,539,11520,Ejército Nacional,,,school,,,,,,,Language School,,,,,,,,19.4382022,,,-99.1919523,Center Lingua,,,,,,,,,,,,,,,,,,,,,,,,,,,,,
,,,1728,04220,Calzada de Tlalpan,,,school,,,,,,,,,,,,,,,19.3540752,,,-99.1444291,Escuela Primaria Carmen Serdán Alatriste,,,,,,,,,,,,,,,,,,+52 55 56890724,,,,,,,,,,,
,,,,,,,,restaurant,,,,,,,,,,,,,wlan,no,19.4363183,,,-99.1574567,Vips,,,,,,,,,,,,,,,,,,,,,,,,,,,,,
,,,,,,,,restaurant,,,,,,,,,,,,,,,19.3656261,,,-99.1757417,,,,,,,,,,,,,,,,,,,,,,,,,,,,,,
,,,,,,,,restaurant,,,,,,,,,,,,,,,19.4329504,,,-99.1601573,Vips,,,,,,,,,,,,,,,,,,,,,,,,,,,,,
,,,,,,,,restaurant,,,sandwich,,,,,,,,,,,,19.4197188,,,-99.157678,Bellmondo,,,,,,,,,,,,,,,,,,,,,,,,,,,,,
,,,,,,,,restaurant,,,japanese,,,,,,,,,,,,19.4186954,,,-99.1564652,MOG,,,,,,,,,,,,,,,,,,,,,,,,,,,,,
,,,,,,,,school,,,,,,,,,,,,,,,19.3906048,,,-99.1678376,DGENP UNAM,,,,,,,,,,,,,,,,,,,,,,,,,,,,,
,,,161,04100,Allende ,,,restaurant,,,mexican,,,,,,,,,,,,19.3555968,,,-99.1625813,Meson De Los Leones,,,,,,,,,,,,,,,,,,,,,,,,,,,,,
,,,14,,Praga,,,restaurant,,,,,,,,,,,,,,,19.425008,,,-99.169735,Casa Bell,,,,,,,,,,,,,,,,,,,,,,,,,,,,,
,,,,,,,,restaurant,,,american,,,,,,,,,,,,19.4276416,,,-99.1709186,Hooters,,,,,,,,,,,,,,,,,,,,,,,,,,,,,
,,,,,,,,restaurant,,,,,,,,,,,,,,,19.4100264,,,-99.1835532,,,,,,,,,,,,,,,,,,,,,,,,,,,,,,
,,,201,01480,Francisco de P Miranda 201,,,school,,,,,,,,,,,,,,,19.3684254,,,-99.1921341,"Consultoria, Logistica, Integracion y Capacitacion",,,,,,,,,,,,,,,,,,,,,,,,,,,,,
,,,,,,,,restaurant,,,vegetarian,,,,,only,,,,,,,19.4101479,,,-99.1703758,Falafelito,,,,,,,,,,,,,,,,,,,,,,,,,,,,,
,,,,,,,,restaurant,,,thai,,,,,,,,,,,,19.4116381,,,-99.1759218,Odün,,,,,,,,,,,,,,,,,,,,,,,,,,,,,
,,,,,,,,restaurant,,,coffee_shop,,,,,,,,,,,,19.4125013,,,-99.173537,Marcelino Pan&Vino,,,,,,,,,,,,,,,,,,,,,,,,,,,,,
,,,,,,,,restaurant,,,,,,,,,,,,,,,19.411688,,,-99.1749546,La Buena Tierra,,,,,,,,,,,,,,,,,,,,,,,,,,,,,
,,,81,,Michoacán,,,restaurant,,,,,,,,,,,,,,,19.411688,,,-99.1740104,Sep's,,,,,,,,,,,,,,,,,,,,,,,,,,,,,
,,,,,,,,restaurant,,,,,,,,,,,,,,,19.4113338,,,-99.1754347,Asaaderos Grill,,,,,,,,,,,,,,,,,,,,,,,,,,,,,
,,,,,,,,bar,,,,,,,,,,,,,,,19.4113313,,,-99.1751718,Guadalupe Reyes,,,,,,,,,,,,,,,,,,,,,,,,,,,,,
,,,,,,,,restaurant,,,,,,,,,,,,,,,19.4101803,,,-99.1699683,El Ocho,,,,,,,,,,,,,,,,,,,,,,,,,,,,,
,,,,,,,,bar,,,,,,,,,,,,,,,19.4110606,,,-99.1745697,La Cerveceria,,,,,,,,,,,,,,,,,,,,,,,,,,,,,
,,,,,,,,restaurant,,,,,,,,,,,,,,,19.4112048,,,-99.1722911,Karma Bagels,,,,,,,,,,,,,,,,,,,,,,,,,,,,,
,,,,,,,,restaurant,,,sushi,,,,,,,,,,,,19.4113832,,,-99.173242,Moshi Moshi,,,,,,,,,,,,,,,,,,,,,,,,,,,,,
,,,,,,,,restaurant,,,,,,,,,,,,,,,19.4116437,,,-99.172495,Restaurante Bar Nuevo León,,,,,,,,,,,,,,,,,,,,,,,,,,,,,
,,,,,,,,restaurant,,,french,,,,,,,,,,,,19.4116721,,,-99.1757874,Creperie de la Paix,,,,,,,,,,,,,,,,,,,,,,,,,,,,,
,,,,,,,,restaurant,,,argentinian,,,,,,,,,,,,19.4118739,,,-99.1751409,Quebracho,,,,,,,,,,,,,,,,,,,,,,,,,,,,,
,,,,,,,,restaurant,,,,,,,,,,,,,,,19.41271,,,-99.1744087,Buffalucas,,,,,,,,,,,,,,,,,,,,,,,,,,,,,
Ciudad de México,MX,,42,06140,Fernando Montes de Oca,,,restaurant,,,mediterranean,,,,,,,,,,,,19.4128517,,,-99.1746689,Restaurante Ki-K,,,,,,,,,,,,,,,,,,,,,,,,,,,,,
,,,,,,,,restaurant,,,italian,,,,,,,,,,,,19.4130237,,,-99.1750337,La Vineria,,,,,,,,,,,,,,,,,,,,,,,,,,,,,
,,,,,,,,restaurant,,,,,,,,,,,,,,,19.4117553,,,-99.1755187,Café la Gloria,,,,,,,,,,,,,,,,,,,,,,,,,,,,,
,,,,,,,,restaurant,,,italian,,,,,,,,,,,,19.4116205,,,-99.1766259,Grapelli,,,,,,,,,,,,,,,,,,,,,,,,,,,,,
,,,,,,,,restaurant,,,,,,,,,,,,,,,19.4106204,,,-99.167636,,,,,,,,,,,,,,,,,,,,,,,,,,,,,,
,,,,,,,,restaurant,,,italian,,,,,,,,,,,,19.4116126,,,-99.1769332,Trattoria La Tanna,,,,,,,,,,,,,,,,,,,,,,,,,,,,,
,,,,,,,,restaurant,,,,,,,,,,,,,,,19.4116898,,,-99.1748169,La Morena,,,,,,,,,,,,,,,,,,,,,,,,,,,,,
,,,,,,,,restaurant,,,,,,,,,,,,,,,19.4116873,,,-99.1747043,Garufa,,,,,,,,,,,,,,,,,,,,,,,,,,,,,
,,,,,,,,restaurant,,,,,,,,,,,,,,,19.4120522,,,-99.172645,,,,,,,,,,,,,,,,,,,,,,,,,,,,,,
,,,,,,,,restaurant,,,,,,,,,,,,,,,19.4114122,,,-99.1721783,Bonito (Barragán design),,,,,,,,,,,,,,,,,,,,,,,,,,,,,
,,,,,,,,restaurant,,,mexican,,,,,,,,,,,,19.4116911,,,-99.174491,Xel Ha,,,,,,,,,,,,,,,,,,,,,,,,,,,,,
,,,,,,,,bar,,,,,,,,,,,,,,,19.4113856,,,-99.1736589,Moxie,,,,,,,,,,,,,,,,,,,,,,,,,,,,,
,,,,,,,,restaurant,,,,,,,,,,,,,,,19.41096,,,-99.1687625,,,,,,,,,,,,,,,,,,,,,,,,,,,,,,
,,,,,,,,restaurant,,,,,,,,,,,,,,,19.4105324,,,-99.1661353,Mi Cantina,,,,,,,,,,,,,,,,,,,,,,,,,,,,,
,,,,,,,,restaurant,,,,,,,,,,,,,,,19.4109473,,,-99.1687263,,,,,,,,,,,,,,,,,,,,,,,,,,,,,,
,,,,,,,,restaurant,,,,,,,,,,,,,,,19.4108897,,,-99.1685586,,,,,,,,,,,,,,,,,,,,,,,,,,,,,,
,,,,,,,,restaurant,,,,,,,,,,,,,,,19.4108183,,,-99.1682877,,,,,,,,,,,,,,,,,,,,,,,,,,,,,,
,,,,,,,,restaurant,,,italian,,,,,,,,,,,,19.4107597,,,-99.1681624,Restaurante Nonna,,,,,,,,,,,,,,,,,,,,,,,,,,,,,
,,,,,,,,restaurant,,,argentinian;italian,,,,,,,,,,,,19.4116847,,,-99.1735958,La Barra,,,,,,,,,,,,,,,,,,,,,,,,,,,,,
,,,,,,,,restaurant,,,,,,,,,,,,,,,19.4170009,,,-99.1592668,,,,,,,,,,,,,,,,,,,,,,,,,,,,,,
,,,,,,,,restaurant,,,pizza,,,,,,,,,,,,19.4157538,,,-99.1592883,Pizzabrosa,,,,,,,,,,,,,,,,,,,,,,,,,,,,,
,,,,,,,,restaurant,,,,,,,,,,,,,,,19.4179925,,,-99.1598247,El Diez,,,,,,,,,,,,,,,,,,,,,,,,,,,,,
,,,,,,,,restaurant,,,,,,,,,,,,,,,19.4180785,,,-99.1595404,Sobrino's,,,,,,,,,,,,,,,,,,,,,,,,,,,,,
,,,,,,,,restaurant,,,ice_cream,,,,,,,,,,,,19.4179445,,,-99.1595028,La Bella Italia,,,,,,,,,,,,,,,,,,,,,,,,,,,,,
,,,,,,,,restaurant,,,spanish,,,,,,,,,,,,19.4127221,,,-99.167036,100 Montaditos,,,,,,,,,,,,,,,,,,,,,,,,,,,,,
,,,,,,,,restaurant,,,sandwich,,,,,,,,,,,,19.417235,,,-99.1639407,Delirio,,,,,,,,,,,,,,,,,,,,,,,,,,,,,
,,,,,,,,restaurant,,,international,,,,,,,,,,,,19.4243685,,,-99.153979,Vips,,,,,,,,,,,,,,,,,,,,,,,,,,,,,
,,,,,,,,restaurant,,,pizza,,,,,,,,,,,,19.4155756,,,-99.1695627,Pizza Amore,,,,,,,,,,,,,,,,,,,,,,,,,,,,,
,,,,,,,,restaurant,,,mexican,,,,,,,,,,,,19.4249857,,,-99.154891,Alma de Quetzal,,,,,,,,,,,,,,,,,,,,,,,,,,,,,
,,,,,,,,restaurant,,,pizza,,,,,,,,,,,,19.4189906,,,-99.1600784,Lucille,,,,,,,,,,,,,,,,,,,,,,,,,,,,,
,,,,,,,,restaurant,,,mexican,,,,,,,,,,,,19.4246366,,,-99.1539737,El Portón,,,,,,,,,,,,,,,,,,,,,,,,,,,,,
,,,,,,,,school,,,,,,,,,,,,,,,19.3548811,,,-99.1496394,"Escuela Nacional de Conservación, Restauración y Museografía",,,,,,,,,,,,,,,,,,,,,,,,,,,,,
,,,,,,,,restaurant,Vapiano,,italian,,,,,,,mexico1@vapiano.mx,,,,,19.441191,,,-99.2034783,Vapiano,,,,,,,,,,,,,,,,,,,,,,,,,,www.vapiano.mx,,,
,,,,,,,,restaurant,,,,,,,,,,,,,,,19.4253643,,,-99.1548146,McDonalds,,,,,,,,,,,,,,,,,,,,,,,,,,,,,
,,,,,,,,restaurant,,,,,,,,,,,,,,,19.417355,,,-99.1596352,Frutos Prohibidos,,,,,,,,,,,,,,,,,,,,,,,,,,,,,
Ciudad de México,MX,,704,11550,Homero,,,restaurant,,,mexican,,,,,,,,,,,,19.4355121,,,-99.1924985,Villa María,,,,,,,,,,,,,,,,,,,,,,,,,,http://www.villamaria.com.mx,,,
Ciudad de México,MX,¡El Aserrín!,18,06100,Fernando Montes de Oca,,Pulquería,bar,,,,,,,,,,,,Mezcalería,,,19.4121385,,,-99.1731389,¡El Aserrín!,,,,,,Mezcalería ¡El Aserrín!,,,,,,,,,,,,,,,,,,,,Facebook - El Aserrin,,,yes
,,CarbónVino - Keparrilla,61,06100,Tamaulipas,,,restaurant,,,spanish,,,,,,,,,,,,19.4122802,,,-99.1734712,CarbónVino - Keparrilla,,,,,,,,,,,,,,,,,,,,,,,,,,,,,
Ciudad de México,,Tamaulipas 55,55,06100,Tamaulipas,,,restaurant,,,international,,,,,,,,,,,,19.4124825,,,-99.1732945,Restaurante Litoral,,,,,,,,,,,,,,,,,,,,,,,,,,,,,
Ciudad de México,,Makena,56,06100,Tamaulipas,,,bar,,,,,,,,,,,,,,,19.4123566,,,-99.1730154,Makena,,,,,,,,,,,,,,,,,,,,,,,,,,,,,yes
Ciudad de México,,50 Friends,36,06100,Tamaulipas,,,restaurant,,,pizza,,,,Wine & Pizza House,,,,,,,,19.4126855,,,-99.1726828,50 Friends,,,,,,,,,,,,,,,,,,,,,,,,,,,,,
Ciudad de México,MX,Pablo el Erizo,6,06100,Fernando Montes de Oca,,,restaurant,,,mexican,,,,Nayarit Bistro,,,,,,,,19.4118052,,,-99.1725219,Pablo el Erizo,,,,,,,,,,,,,,,,,,,,,,,,,,,,,
,,Hotel María Condesa,32,06100,Atlixco,,,bar,,,,,,,Hotel Bar,,,,,,,,19.4104089,,,-99.1757031,Maruka,,,,,,,,,,,,,,,,,,,,,,,,,,,,,yes
,,Hotel María Condesa,32,06100,Atlixco,,,restaurant,,,international,,,,Mexican Bistro,,,,,,,,19.4105151,,,-99.1756977,Terré,,,,,,,,,,,,,,,,,,,,,,,,,,,,,
,,,46,06010,Eje Central Lázaro Cárdenas,,Restaurante Casa Rosalía,restaurant,,,spanish,,,,,,,,,,,,19.4310659,,,-99.1411393,Restaurant Casa Rosalía,,,,,,Casa Rosalía,,,,,,,,,,,,,,,,,,,,http://www.casarosalia.com.mx,,,
,,,50,06700,Mérida,,,school,,,,,,,,,,,,,,,19.4225838,,,-99.1581292,Colegio México Primaria,,,,,,,,,,,,,,,,,,,,,,,,,,,,,
Ciudad de México,MX,,230,06700,Durango,,,restaurant,,,mexican,,,,,,,,,,,,19.4190637,,,-99.1685374,Sanborn's El Palacio de Hierro,,,,,,,,,,,,,,,,,,,,,,,,,,,,,
,,,60,06700,San Luis Potosi,,,restaurant,,,pizza,,,,,,,,,,,,19.4144566,,,-99.157303,Pizza Clasica,,,,,,,,,,,,,,,,,,,,,,,,,,https://www.facebook.com/pages/Pizza-Classica/279329372103992,,,
,,,62,06700,San Luis Potosi,,,restaurant,,,mexican,,,,,,,,,,,,19.4144325,,,-99.1573995,Torteria Los Gueros,,,,,,,,,,,,,,,,,,,,,,,,,,,,,
,,,205,06700,Calle Frontera,,,restaurant,,,,,,,,,,,,,,,19.414809,,,-99.1548992,Restaurante Alcala,,,,,,,,,,,,,,,,,,,,,,,,,,,,,
,,,210,06720,Doctor Balmis,,,restaurant,,,mexican,,,,,,,,,,,,19.4148746,,,-99.153171,Cantina El Sella,,,,,,,,,,,,,,,,,,,,,,,,,,,,,
,,,31,06700,Eje 2 Sur (Querétaro),,,school,,,,,,,,,,,,,,,19.415535,,,-99.1559949,Escuela Comercial Cámara de Comercio,,,,,,,,,,,,,,,,,,,,,,,,,,,,,
,,,,,,,,school,,,,,,,,,,,,,,,19.4166861,,,-99.1365234,Escuela de Cultura Popular Mártires del 68,,,,,,,,,,,,,,,,,,,,,,,,,,http://ecpm68.com/,,,
,,,,,,,,restaurant,,,regional,,,,,,,,,,,,19.4066585,,,-99.1570217,,,,,,,,,,,,,,,,,,,,,,,,,,,,,,
,,,,,,,,restaurant,,,regional,,,,,,,,,,,,19.4063846,,,-99.1566188,"Cocina económica ""El zarape""",,,,,,,,,,,,,,,,,,,,,,,,,,,,,
,,,,,,,,restaurant,,,,,,,,,,,,,,,19.4063015,,,-99.1566242,"Taquería ""El Sismo""",,,,,,,,,,,,,,,,,,,,,,,,,,,,,
,,,,,,,,restaurant,,,regional,,,,,,,,,,,,19.4062618,,,-99.1566164,"""Los sabores de México""",,,,,,,,,,,,,,,,,,,,,,,,,,,,,
Distrito Federal,,Mariscos Margarito,4,06760,Toluca,,,restaurant,,,regional,,,,,,,,,,,,19.4072159,,,-99.1568864,"Mariscos ""Margarito""",,,,,,,,,,,,,,,,,,,,,,,,,,,,,
,,,1401,03100,Heriberto Frías,,,school,,,,,,,,,,,,,,,19.3748106,,,-99.1640997,Escuela Tomás Alva Edison Preparatoria,,,,,,,,,,,,,,,,,,,,,,,,,,,,,
,,,24,,San Jerónimo,,,restaurant,,,mexican,,,,Cocina mexicana contemporánea,,,,,,,,19.4273279,,,-99.1381212,Restaurante Escuela Zéfiro,,,,,,Celda de la Marquesa de Selva Nevada,,,,,,,,,,,,,,,,,,,,www.zefiro.com.mx,,,
,,,,,,,,restaurant,,,,,,,,,,,,,,,19.4369357,,,-99.2070158,Chilis,,,,,,,,,,,,,,,,,,,,,,,,,,,,,
,,,,,,,,restaurant,,,,,,,,,,,,,,,19.4375617,,,-99.2068996,Sanborns,,,,,,,,,,,,,,,,,,,,,,,,,,,,,
,,,,,,,,school,,,,,,,,,,,,,,,19.4396071,,,-99.1854075,,,,,,,,,,,,,,,,,,,,,,,,,,,,,,
,,,,,Lago Alberto,,,school,,,,,,,,,,,,,,,19.4386991,,,-99.1818831,,,,,,,,,,,,,,,,,,,,,,,,,,,,,,
,,,,,,,,restaurant,,,Argentina,,,,,,,,,,,,19.4316433,,,-99.188922,El Rincon Argentino,,,,,,,,,,,,,,,,,,,,,,,,,,www.rinconargentino.com.mx,,,
,,,52,,5 de Mayo,,,restaurant,,,,,,,,,,,,,,,19.4342006,,,-99.1352849,El Popular,,,,,,,24/7,,,,,,,,,,,,,,,,,,,,,,no
,,,,,5 de Mayo,,,restaurant,,,regional,,,,,,,,,,,,19.4346904,,,-99.13945,La Pagoda,,,,,,,24/7,,,,,,,,,,,,,,,,,,,,,,no
,,,,,,,,school,,,,,,,,,,,,,,,19.4390538,,,-99.2129943,Montessori Mercedes Benett,,,,,,,,,,,,,,,,,,,,,,,,,,,,,
,,,,,,,,restaurant,,,,,,,,,,,,,,,19.4065249,,,-99.1727917,El Farolito,,,,,,,,,,,,,,,,,,,,,,,,,,,,,
,,,,,,,,restaurant,,,mexican,,,,,,,,,,,,19.4063453,,,-99.1725155,El califa,,,,,,,,,,,,,,,,,,,,,,,,,,,,,
,,,,,,,,restaurant,,,fish,,,,,,,,,,,,19.4328477,,,-99.1850784,Fishers,,,,,,,,,,,,,,,,,,,,,seafood,,,,,,,,
Miguel Hidalgo,,,353,11560,Av. Moliere,,,restaurant,,,,,,,,,,,,,,,19.4381334,,,-99.2007707,Sanborns,,,,,,,,,,,,,,,,,,,,,,,,,,,,,
,,,171,,Mesones,,,restaurant,,,lebanese,,,,,,,,,,,,19.4277282,,,-99.1290975,Al Andalus,,,,,,,,,,,,,,,,,,,,,,,,,,,,,
,,,,,,,,school,,,,,,,,,,,,,,,19.3710449,,,-99.2018324,Escuela Primaria Club de Leones No. 4,,,,,,,,,,,,,,,,,,,,,,,,,,,,,
,,,,01600,Lomas de Plateros,,,school,,,,,,,,,,,,,,,19.3670975,,,-99.1952717,Escuela Nacional Preparatoria No. 8 Miguel E. Schulz. UNAM.,,,,,,,,,,,,,,,,,,01 55 5593 6714,,,,,,,,,,,
DF,,,17,06030,Antonio Caso,,,restaurant,,200,international,,,,,,,,,,,,19.4339177,,,-99.1547447,CANTINA LA ANTIGUA DE COLON,,,,,,,,,,,,,,,,,,,,,,,,,,,,,
México,,,,,San Jeronimo,,,bar,,,,,,,,,,,,,,,19.4271085,,,-99.1362527,balagan,,,,,,,,,,,,,,,,,,,,,,,,,,,,,
DF,,,Guanajuato,06700,"239 Col, Roma Norte",,,restaurant,,,Asador_Argentino,,,,,,,,,,,,19.4159086,,,-99.1648832,Chetito,,,,,,,Tu-Sa 13:30 22:00; Su 13:30 18:00,,,,,,,,,,,,,,,,,,,,,,
,,,,,,,,restaurant,,,,,,,,,,,,,,,19.435988,,,-99.1465082,Tortas Robles,,,,,,,,,,,,,,,,,,,,,,,,,,,,,
,,,,,,,,restaurant,,,coffee_shop,,,,,,,,,,,,19.3886012,,,-99.1779567,The Coffee Factory,,,,,,,,,,,,,,,,,,,,,,,,,,,,,
,,,,,,,,school,,,,,,,,,,,,,,,19.3861368,,,-99.1787774,,,,,,,,,,,,,,,,,,,,,,,,,,,,,,
,,,,,,,,restaurant,,,burger,,,,,,,,,,,,19.3925123,,,-99.1730418,Burguer King,,,,,,,,,,,,,,,,,,,,,,,,,,,,,
,,,,,,,,restaurant,,,,,,,,,,,,,,,19.3942327,,,-99.1798009,Julius Pizza,,,,,,,,,,,,,,,,,,,,,,,,,,,,,
,,,,,,,,restaurant,,,,,,,,,,,,,,,19.3927451,,,-99.1794844,La RE Pizza,,,,,,,,,,,,,,,,,,,,,,,,,,,,,
México,,,86,06500,Río Lerma,,,restaurant,,,Oaxaqueña,,,,,,,,,,,,19.4299712,,,-99.1656086,La Bella Lulá,,,,,,,,,,,,,,,,,,,,,,,,,,,,,
México,,,397,06500,Paseo de la Reforma,,,restaurant,,,Española,,,,,,,,,,,,19.4259046,,,-99.1710725,Valencia Express,,,,,,,,,,,,,,,,,,,,,,,,,,,,,
México,MX,,71,06500,Río Nilo,,,restaurant,,,japanese,,,,,,,,,,,,19.4273416,,,-99.1712151,Musume,,,,,,,,,,,,,,,,,,,,,,,,,,,,,
México,MX,,170,06500,Río Pánuco,,,restaurant,,,japanese,,,,,,,,,,,,19.4285461,,,-99.1718903,Daikoku,,,,,,,,,,,,,,,,,,,,,,,,,,,,,
México,MX,,88,06500,Río Sena,,,restaurant,,,french,,,,,,,,,,,,19.429615,,,-99.1656653,Les Moustaches,,,,,,,,,,,,,,,,,,,,,,,,,,,,,
Ciudad de México,,,28,06600,Copenhague,,,restaurant,,,korean,,,,,,,,,,,,19.4272178,,,-99.1636176,Young Bin Kwan,,,,,,,,,,,,,,,,,,,,,,,,,,,,,
Ciudad de México,MX,,,06600,Copenhague,,,restaurant,,,japanese,,,,,,,,,,,,19.4273745,,,-99.1638333,Chaseki,,,,,,,,,,,,,,,,,,,,,,,,,,,,,
,,,,,Oslo,,,restaurant,,,asian,,,,,,,,,,,,19.4276356,,,-99.1636351,,,,,,,,,,,,,,,,,,,,,,,,,,,,,,
,,,4,,Oslo,,,restaurant,,,spanish,,,,,,,,,,,,19.4277648,,,-99.1633932,El Tapeo,,,,,,,,,,,,,,,,,,,,,,,,,,,,,
,,,14,,Calz. Melchor Ocampo,,,restaurant,,,spanish,,,,,,,,,,,,19.4290837,,,-99.1731306,Las Tinajas,,,,,,,,,,,,,,,,,,,,,,,,,,,,,
,,,16,,República de Uruguay,,,restaurant,,,spanish,,,,,,,,,,,,19.4310996,,,-99.1401223,Centro Castellano,,,,,,,,,,,,,,,,,,,,,,,,,,,,,
,,,128,,Alvaro Obregon,,,restaurant,,,spanish,,,,,,,,,,,,19.4178456,,,-99.1608319,Jamón Jamón,,,,,,,,,,,,,,,,,,,,,,,,,,,,,
Distrito Federal,,,136,01364,Calz. de la Viga,,,restaurant,,100,,,,,,,,,,,,,19.4158438,,,-99.1276014,Vips,,,,,,,,,,,,,,,,,,,,,,outside,,,,http://www.vips.com.mx,,,
,,,,,,,,restaurant,,,argentina,,,,,,,,,,,,19.3709392,,,-99.1796601,Cambalache,,,,,,,,,,,,,,,,,,,,,,,,,,,,,
,,,,,,,,restaurant,,,regional,,,,,,,,,,,,19.3727657,,,-99.1799515,Los Fondues,,,,,,,,,,,,,,,,,,,,,,,,,,,,,
Ciudad de México,MX,,223,11560,Campos Eliseos,,,bar,,,,,,,,,,,,,,,19.4279415,,,-99.1941525,Prime & Wine,,,,,,,Mo 13:00-01:00; Tu 13:00-01:00; We 13:00-01:00; Th 13:00-01:00; Fr 13:00-01:00; Sa closed; Su closed,,,,,,,,,,,,,,,,,,,,,,
CDMX,,,3,06400,"Avenida Ribera de San Cosme no.3 Cuauhtémoc, Santa María la Ribera",,,restaurant,,,international;mexican,,,,,,,,,,,,19.4404008,,,-99.1558668,Toks Cuauhtemoc,,,,,,,Mo-Su 07:00-22:00,Toks,,,,,,,,,,5257052640,,,,,,,no,http://www.toks.com.mx,no,"No hay estacionamiento , no hay rampas , no hay espacio para sillas de ruedas en los sanitarios.",
,,,,,,,,restaurant,,,,,,,,,yes,,,,,yes,19.4039762,,,-99.1716795,La Montejo,,,,Restaurante Bar,,,,,no,,,,,,,,,,,,,yes,,,,,,,
,,,,,,,,restaurant,,,,,,,,,,,,,,,19.3713147,,,-99.1789218,Bisquets de Obregón,,,,,,,,,,,,,,,,,,,,,,,,,,,,,
,,,,,,,,restaurant,,200,regional,,,,,,,,,,,,19.3846019,,,-99.1881464,TOKS,,,,,,,,,,,,,,,,,,,,,,no,,,,,,,
Mexico DF,,,,,Articulo 123,,,restaurant,,,,,,,,,,,,,,,19.4332482,,,-99.1493551,123,,,,,,,,,,,,,,,,,,,,,,,,,,,,,
,,,,,,,,school,,,,,,,,,,,,,,,19.4422886,,,-99.1593591,"Escuela Secundaria Diurna #4 ""Moises Saenz""",,,,,,,,,,,,,,,,,,,,,,,,,,,,,
,,,,,,,,restaurant,,,,,,,,,,,,,,,19.4319755,,,-99.1292174,,,,,,,,,,,,,,,,,,,,,,,,,,,,,,
,,,,,,,,restaurant,,,,,,,,,,,,,,,19.3551345,,,-99.1526136,Pizzeria Chester,,,,,,,,,,,,,,,,,,,,,,,,,,,,,
,,,,,,,,restaurant,,60,mexican,,,,,,,,,,,,19.3663603,,,-99.1439094,Antojeria la Guille II,,,,,,,08:00-15:00,,,,,,,,,,,,,,,no,,yes,,,,,
Distrito Federal,,,538,,Avenida Universidad,,,restaurant,,,Russian_food,,no,,,,,,,,,,19.3813535,,,-99.1574789,Kolobok,,,,,,,Mon-Sun 11:00-20:00,,,,,,,,,,,+52 55 56044091,,,,no,,yes,,http://www.kolobok.com.mx/,,,
,,,,,,,,restaurant,,,,,,,,,,,,,,,19.3739223,,,-99.1632184,Chili's,,,,,,,,,,,,,,,,,,,,,,,,,,,,,
,,,734,,Universidad,,,restaurant,,,,,,,,,,,,,,,19.3746633,,,-99.1621614,Hooters,,,,,,,,,,,,,,,,,,,,,,,,yes,,,,,
,,,,,,,,restaurant,,,,,,,,,,,,,,,19.3772367,,,-99.1609619,La Cervecería De Barrio,,,,,,,,,,,,,,,,,,+52 55 5604 7323,,,,,,,,http://www.lacerveceria.com.mx,,,
,,,635,,Universidad,,,restaurant,,,mexican,,,,,,,,,,,,19.3777118,,,-99.160578,COBÁ FONDA YUCATECA,,,,,,,,,,,,,,,,,,+52 55 6395 9961,,,,,,,,,,,
,,,,,,,,restaurant,,,mexican,,,,,,,,,,,,19.3768118,,,-99.1607978,EL CALIFA,,,,,,,,,,,,,,,,,,,,,,,,,,http://www.elcalifa.com.mx/,,,
Distrito Federal,,,575,03020,Avenida Universidad,,,restaurant,,,mexican,,,,,,,,,,,,19.380952,,,-99.1580996,El Afán,,,,,,,,,,,,,,,,,,55 5575 6460,,,,,,,,http://www.elafan.com.mx/,,,
,,,1403,03100,Angel Urraza,,,restaurant,,,seadfood,,,,,,,,,,,,19.3809985,,,-99.1584909,Marina Bistro,,,,,,,,,,,,,,,,,,55 5575 4014,,,,,,,,,,,
,,,493,,Avenida Universidad,,,restaurant,,,Arab,,,,,,,,,,,,19.3828906,,,-99.1569195,Pitas Saleh,,,,,,,,,,,,,,,,,,55 6363 7425,,,,,,yes,,http://www.pitassaleh.com.mx/,,,
,,,485,,Avenida Universidad,,,restaurant,,,,,no,,,,,,,,,,19.3831406,,,-99.1568271,Bistro Cheny,,,,,,,,,,,,,,,,,,55 5523 9908,,,,outside,,yes,,,,,
,,,399,03020,Avenida Universidad,,,restaurant,,,grill,,,,,,,,,,,,19.3857204,,,-99.1554386,El Viejo Camilo,,,,,,,,,,,,,,,,,,55 5669 3124,,,,,,,,http://elviejocamilo.com.mx/,,,
,,,363,,Avenida Universidad,,,restaurant,,,spanish_food,,no,,,,,,,,,,19.3872676,,,-99.1544955,Barnabeu Tapas,,,,,,,,,,,,,,,,,,55 5536 9943,,,,outside,,yes,,http://www.barnabeu.com/,,,
,,,358,03020,Avenida Universidad,,,restaurant,,,"Argentine_barbecue,_seafood",,,,,,,,,,,,19.38705,,,-99.1542005,El Sencillito,,,,,,,,,,,,,,,,,,55 5523 8195,,,,,,,,http://www.giorgios.com.mx/sencillito.php,,,
,,,360,,Avenida Universidad,,,restaurant,,,Italian_pizza,,,,,,,,,,,,19.3869083,,,-99.1542836,Giorgio's pizzas,,,,,,,,,,,,,,,,,,55 5543 1162,,,,,,,,http://www.giorgios.com.mx/giorgios.php,,,
,,,512,,Avenida Universidad,,,restaurant,,,pizza,,,,,,,,,,,,19.3824243,,,-99.1568852,Chester's,,,,,,,,,,,,,,,,,,55 5688 2400,,,,,,yes,,,,,
,,,59,,Fresas,,,restaurant,,,japanese,,no,,,,,,,,,,19.3778979,,,-99.1755226,Ramen -ya,,,,,,,,,,,,,,,,,,55 5559 1495,,,,no,,,,,,,
,,,272,,Millet,,,restaurant,,,sushi,,yes,,,,,,,,,,19.3765297,,,-99.1779143,Sushi Roll,,,,,,,,,,,,,,,,,,55 5575 7780,,,,,,,,http://www.sushiroll.mx/,,,
,,,1390,,Av. Insurgentes Sur;Avenida Insurgentes Sur,,,restaurant,,,,,,,,,,,,,,,19.3703803,,,-99.1798432,100% Natural Insurgentes,,,,,,,,,,,,,,,,,,55 5524 8768,,,,,,,,http://www.100natural.com/,,,
,,,1630,,Av. Insurgentes Sur;Avenida Insurgentes Sur,,,restaurant,,,"bakery,_cafe,_salad,_pasta",,no,,,,,,,,,,19.3628921,,,-99.1822729,Le Pain Quotidien,,,,,,,,,,,,,,,,,,55 5661 9314,,,,no,,yes,,http://www.lepainquotidien.mx/,,,
,,,360,,Cumbres de Maltrada,,,restaurant,,,Texas_BBQ,,,,,,,,,,,,19.3930956,,,-99.1520911,Pinche Gringo BBQ,,,,,,,Miercoles-Viernes 1:00pm-6:30pm,,,,,,,,,,,55 6389 1129,,,,,,,,http://www.pgbbq.mx/,,,
,,,36B,,Empresa,,,restaurant,,,mexican,,yes,,,,,,,,,,19.3760914,,,-99.1860051,Trok's torta,,,,,,,,,,,,,,,,,,55 5563 7897,,,,,,yes,,,,,
,,,,,,,,restaurant,,,,,,,,,,,,,,,19.3657407,,,-99.1666995,California Pizza Kitchen,,,,,,,,,,,,,,,,,,,,,,,,,,,,,
,,,,,,,,restaurant,,,,,,,,,,,,,,,19.365734,,,-99.1675684,Olive Garden,,,,,,,,,,,,,,,,,,,,,,,,,,,,,
,,,1609,,Patricio Sanz,,,restaurant,,,Chile_food,,,,,,,,,,,,19.3724571,,,-99.1750003,Un Rincon de Chile,,,,,,,,,,,,,,,,,,55 5524 4039,,,,,,,,,,,
,,,1440,,Patricio Sanz,,,restaurant,,,mexican,,,,,,,,,,,,19.3755716,,,-99.1740716,Humbertos,,,,,,,,,,,,,,,,,,55 5559 8760,,,,,,,,http://www.restaurantehumbertos.com/,,,
,,,671,,Avenida Patriotismo,,,restaurant,,,,,,,,,,,,,,,19.3807506,,,-99.1847037,Vips,,,,,,,,,,,,,,,,,,,,,,,,,,,,,
,,,173,,San Luis Potosi,,,restaurant,,,Japanese_ramen,,,,,,,,,,,,19.4134484,,,-99.1635388,Mikasa Ramen,,,,,,,,,,,,,,,,,,,,,,,,,,,,,
,,,200,,Pedro Romero de Terreros,,,restaurant,,,japanese,,,,,,,,,,,,19.3957874,,,-99.1698465,Restaurante Shoya,,,,,,,Mo-Fr 11:00-18:00,,,,,,,,,,,55 5669 5211,,,,,,,,http://mikasamex.web.fc2.com/hp_shoya.html,,,
,,,1407,,Concepción Beistegui,,,restaurant,,,mexican,,,,,,,,,,,,19.3875381,,,-99.1574158,"Restaurante Hanal K'U, Comida Yucateca",,,,,,,,,,,,,,,,,,55 55232383,,,,,,,,http://www.hanalku.com/,,,
,,,,,,,,restaurant,,,pizza,,,,,,,,,,,,19.3942982,,,-99.1726235,California Pizza Kitchen,,,,,,,,,,,,,,,,,,,,,,,,,,,,,
,,,34,,Bahía Palmas,,,restaurant,,,,,,,,,,,,,,,19.435389,,,-99.173445,Pane En Vía,,,,,,,,,,,,,,,,,,55 5260 0120,,,,,,,,http://www.paneenvia.com/,,,
,,,,,,,,restaurant,,,barbecue,,,,,,,,,,,,19.3672489,,,-99.1711532,Don Capitán Del Valle,,,,,,,,,,,,,,,,,,55 5524 5901,,,,,,,,http://doncapitan.fishers.com.mx/,,,
,,,,,,,,restaurant,,,sushi,,,,,,,,,,,,19.3672354,,,-99.1710333,Sushi Roll,,,,,,,,,,,,,,,,,,,,,,,,,,,,,
,,,,,,,,restaurant,,,,,,,,,,,,,,,19.367364,,,-99.1664371,Italinnis Universidad,,,,,,,,,,,,,,,,,,,,,,,,,,,,,
,,,,,,,,restaurant,,,,,,,,,,,,,,,19.4141237,,,-99.1645912,Mercado Roma,,,,,,,,,,,,,,,,,,,,,,,,,,,,,
México City,,,422,,Av. Popocatépetl,,,restaurant,,,sushi,,yes,,,,,,,,,,19.3639661,,,-99.1615375,Sushi Roll,,,,,,,12:30 - 10:00pm,,,,,,,,,,,52-55-56047968,,,,no,,,,,,,
,,,,,,,,restaurant,,,,,,,,,,,,,,,19.3762032,,,-99.1576416,El Tepehuani Conquistando la comida mexicana,,,,,,,,,,,,,,,,,,55 4754 0398,,,,,,,,https://www.facebook.com/ElTepehuani,,,
,,,,,,,,restaurant,,,,,,,,,,,,,,,19.3786747,,,-99.1582394,,,,,,,,,,,,,,,,,,,,,,,,,,,,,,
,,,,,,,,restaurant,,,,,,,,,,,,,,,19.3788363,,,-99.1586432,,,,,,,,,,,,,,,,,,,,,,,,,,,,,,
,,,,,,,,school,,,,,,,,,,,,,,,19.3801886,,,-99.1517136,,,,,,,,,,,,,,,,,,,,,,,,,,,,,,
,,,,,Alfonso Reyes,,,restaurant,,,regional,,,,,,,,,,,,19.409637,,,-99.1790359,Las Delicias,,,,,,,,,,,,,,,,,,,,,,,,,,,,,
,,,,,Alfonso Reyes,,,restaurant,,,regional,,,,,,,,,,,,19.4096344,,,-99.1790241,Los Cerezos,,,,,,,,,,,,,,,,,,,,,,,,,,,,,
,,,1403,,Amores,,,restaurant,,,,,,,,,,,,,,,19.3732249,,,-99.1691456,Bistrot M,,,,,,,,,,,,,,,,,,55 5688 1082,,,,,,,,http://www.bistrotm.com/,,,
,,,,,,,,restaurant,,,,,,,,,,,,,,,19.4182486,,,-99.1647551,Sanborns Café,,Sanborns Café tabasco,,,,,,,,,,,,,,,,,,,,,,,,,,,
,,,,,,,,restaurant,,,seafood,,,,,,,,,,,,19.4132753,,,-99.1435468,Mariscos La Perla de la Obrera,,,,,,,,,,,,,,,,,,,,,,,,,,,,,
,,,,,,,,restaurant,,,,,,,,,,,,,,,19.3534574,,,-99.1637313,Tacos Video Hall,,,,,,,,,,,,,,,,,,,,,,,,,,,,,
,,,,,,,,restaurant,,,,,,,,,,,,,,,19.3748924,,,-99.2033839,Bigos Tacos,,,,,,,,,,,,,,,,,,,,,,,,,,,,,
,,,,,,,,restaurant,,,,,,,,,,,,,,,19.3707991,,,-99.1858946,Taquería El Negro,,,,,,,,,,,,,,,,,,,,,,,,,,,,,
,,,,,,,,restaurant,,,,,,,,,,,,,,,19.4347971,,,-99.1463782,Los Dones Restaurante,,,,,,,,,,,,,,,,,,,,,,,,,,,,,
,,,,,,,,restaurant,,,regional,,,,,,,,,,,,19.4360374,,,-99.1389361,Los Girasoles,,,,,,,,,,,,,,,,,,,,,,,,,,http://restaurantelosgirasoles.com,no,,
,,,,,,,,restaurant,,,,,,,,,,,,,,,19.43594,,,-99.1389576,Taco Inn,,,,,,,,,,,,,,,,,,,,,,,,,,,,,
,,,10,,Isabel la Catolica,,,restaurant,,,taco,,,,,,,,"This is the correct block and side of the street, but the location is approximate.",,,,19.4347446,,,-99.1360105,el cuatro20,,,,,,,,,,,,,,,,,,,,,,,,,,,,,
,,,,,,,,restaurant,,,,,,,,,,,,,,,19.3919579,,,-99.1839545,Taquería,,,,,,,,,,,,,,,,,,,,,,,,,,,,,
,,,,,,,,restaurant,,,mexican,,,,,,,,,,,,19.4261758,,,-99.1646128,Vip's,,,,,,,,,,,,,,,,,,,,,,,,,,,,,
,,,,,,,,restaurant,,,pizza,,,,,,,,,,,,19.4260355,,,-99.167491,50 Friends,,,,,,,,,,,,,,,,,,,,,,,,,,,,,
,,,59,,Luis Moya,,,restaurant,,,,,,,,,,,,,,,19.4316854,,,-99.1464841,Oaxaca en Mexico,,,,,,,,,,,,,,,,,,,,,,,,,no,,limited,,
,,,91,,Culiacán,,,restaurant,,,tacos,,,,,,,,,,,,19.4042397,,,-99.1704139,El Auténtico Pato Manila,,,,,,,,,,,,,,,,,,,,,,,,,,,,,
,,,,,,,,restaurant,,,,,,,,,,,,,,,19.4090649,,,-99.1731856,Fonda Godínez,,,,,,,,,,,,,,,,,,,,,,,,,,,,,
Ciudad de México,,,261,06700,Puebla,,,restaurant,,,international,,,,,,,,,,,,19.4214929,,,-99.1680305,Plácido,,,,,,,,,,,,,,,,,,,,,,,,yes,,,limited,,
,,,,,,,,restaurant,,,,,,,,,,,,,,,19.4314344,,,-99.1824736,Vips,,,,,,,,,,,,,,,,,,,,,,,,,,,,,
,,,,,,,,restaurant,,,italian,,,,,,,,,,,,19.4324488,,,-99.1835163,Mauro,,,,,,,,,,,,,,,,,,,,,,,,,,,,,
,,,,,,,,restaurant,,,american,,,,,,,,,,,,19.4311708,,,-99.1833261,Tony Roma's,,,,,,,,,,,,,,,,,,,,,,,,,,,,,
,,,,,,,,school,,,,,,,,,,,,,,,19.401497,,,-99.1453575,,,,,,,,,,,,,,,,,,,,,,,,,,,,,,
,,,,,,,,bar,,,,,,,,,,,,,,,19.4009403,,,-99.1471358,Restaurante Bar OAXACA,,,,,,,,,,,,,,,,,,,,,,,,,,,,,
,,,,,,,,restaurant,,,,,,,,,,,,,,,19.4002704,,,-99.1471513,,,,,,,,,,,,,,,,,,,,,,,,,,,,,,
,,,,,,,,school,,,,,,,,,,,,,,,19.400791,,,-99.1469416,,,,,,,,,,,,,,,,,,,,,,,,,,,,,,
,,,,,,,,restaurant,,,,,,,,,,,,,,,19.40118,,,-99.1475099,,,,,,,,,,,,,,,,,,,,,,,,,,,,,,
,,,,,,,,restaurant,,,,,,,,,,,,,,,19.4010066,,,-99.147676,RADICE BISTRO GOURMET,,,,,,,,,,,,,,,,,,,,,,,,,,,,,
,,,,,,,,restaurant,,,,,,,,,,,,,,,19.4010884,,,-99.1476785,Ivy stage sushi bar,,,,,,,,,,,,,,,,,,,,,,,,,,,,,
,,,,,,,,restaurant,,,,,,,,,,,,,,,19.4010744,,,-99.1475148,Las Margaritas,,,,,,,,,,,,,,,,,,,,,,,,,,,,,
,,,,,,,,bar,,,,,,,,,,,,,,,19.401327,,,-99.1471114,La Narvarte,,,,,,,,,,,,,,,,,,,,,,,,,,,,,
,,,,,,,,school,,,,,,,,,,,,,,,19.4007812,,,-99.1469467,,,,,,,,,,,,,,,,,,,,,,,,,,,,,,
,,,,,,,,restaurant,,,,,,,,,,,,,,,19.4011776,,,-99.1476249,Quesadillas Tostadas y mas,,,,,,,,,,,,,,,,,,,,,,,,,,,,,
,,,,,,,,restaurant,,,,,,,,,,,,,,,19.4007958,,,-99.1474882,,,,,,,,,,,,,,,,,,,,,,,,,,,,,,
,,,,,,,,restaurant,,,,,,,,,,,,,,,19.3947292,,,-99.1434579,,,,,,,,,,,,,,,,,,,,,,,,,,,,,,
,,,,,,,,bar,,,,,,,,,,,,,,,19.394623,,,-99.1427981,,,,,,,,,,,,,,,,,,,,,,,,,,,,,,
,,,,,,,,restaurant,,,,,,,,,,,,,,,19.3946052,,,-99.1426747,,,,,,,,,,,,,,,,,,,,,,,,,,,,,,
,,,,,,,,restaurant,,,,,,,,,,,,,,,19.3946609,,,-99.1414194,,,,,,,,,,,,,,,,,,,,,,,,,,,,,,
,,,,,,,,restaurant,,,,,,,,,,,,,,,19.3946862,,,-99.1431146,,,,,,,,,,,,,,,,,,,,,,,,,,,,,,
,,,,,,,,restaurant,,,,,,,,,,,,,,,19.393906,,,-99.162255,Parrilla Argentina,,,,,,,,,,,,,,,,,,,,,,,,,,,,,
,,,,,,,,restaurant,,,,,,,,,,,,,,,19.3941792,,,-99.1624655,La pescaderia,,,,,,,,,,,,,,,,,,,,,,,,,,,,,
,,,,,,,,restaurant,,,,,,,,,,,,,,,19.3922564,,,-99.162959,Burritos,,,,,,,,,,,,,,,,,,,,,,,,,,,,,
,,,,,,,,restaurant,,,,,,,,,,,,,,,19.3923652,,,-99.1625165,Universitarios,,,,,,,,,,,,,,,,,,,,,,,,,,,,,
,,,,,,,,restaurant,,,,,,,,,,,,,,,19.4004631,,,-99.1501205,,,,,,,,,,,,,,,,,,,,,,,,,,,,,,
,,,,,,,,restaurant,,,,,,,,,,,,,,,19.401351,,,-99.1479966,Los Luceros,,,,,,,,,,,,,,,,,,,,,,,,,,,,,
,,,,,,,,restaurant,,,,,,,,,,,,,,,19.4004295,,,-99.1501972,,,,,,,,,,,,,,,,,,,,,,,,,,,,,,
,,,,,,,,restaurant,,,,,,,,,,,,,,,19.4016809,,,-99.1504293,La Rosita Michoacana,,,,,,,,,,,,,,,,,,,,,,,,,,,,,
,,,,,,,,restaurant,,,,,,,,,,,,,,,19.4000463,,,-99.150966,,,,,,,,,,,,,,,,,,,,,,,,,,,,,,
,,,,,,,,school,,,,,,,,,,,,,,,19.4014536,,,-99.1504245,Entrenamiento Aereo Especializado ,,,,,,,,,,,,,,,,,,,,,,,,,,,,,
,,,,,,,,restaurant,,,,,,,,,,,,,,,19.4018824,,,-99.1504345,Restaurante Vertiz,,,,,,,,,,,,,,,,,,,,,,,,,,,,,
,,,,,,,,school,,,,,,,,,,,,,,,19.4015903,,,-99.1504305,Escuela de Manejo Vargas,,,,,,,,,,,,,,,,,,,,,,,,,,,,,
,,,,,,,,restaurant,,,,,,,,,,,,,,,19.4000585,,,-99.1511653,La Mexicana,,,,,,,,,,,,,,,,,,,,,,,,,,,,,
,,,,,,,,restaurant,,,,,,,,,,,,,,,19.3952801,,,-99.1786768,Heladería,,,,,,,,,,,,,,,,,,,,,,,,,,,,,
,,,,,,,,restaurant,,,,,,,,,,,,,,,19.3935415,,,-99.1761612,Carnicería,,,,,,,,,,,,,,,,,,,,,,,,,,,,,
,,,,,,,,restaurant,,,,,,,,,,,,,,,19.3959298,,,-99.1770839,Tortas Nebraska,,,,,,,,,,,,,,,,,,,,,,,,,,,,,
,,,,,,,,restaurant,,,,,,,,,,,,,,,19.3911773,,,-99.1769821,Tommy Pizzas,,,,,,,,,,,,,,,,,,,,,,,,,,,,,
,,,,,,,,bar,,,,,,,,,,,,,,,19.3891569,,,-99.176593,,,,,,,,,,,,,,,,,,,,,,,,,,,,,,
,,,,,,,,restaurant,,,,,,,,,,,,,,,19.401834,,,-99.1456708,,,,,,,,,,,,,,,,,,,,,,,,,,,,,,
,,,,,,,,restaurant,,,,,,,,,,,,,,,19.4020076,,,-99.1473744,"FONDA ""Dorita""",,,,,,,,,,,,,,,,,,,,,,,,,,,,,
,,,,,,,,restaurant,,,,,,,,,,,,,,,19.4018918,,,-99.1499813,El Guero de la 4,,,,,,,,,,,,,,,,,,,,,,,,,,,,,
,,,,,,,,restaurant,,,,,,,,,,,,,,,19.4018872,,,-99.1501103,"Mariscos""El Chiringuito del Sombra""",,,,,,,,,,,,,,,,,,,,,,,,,,,,,
,,,,,,,,restaurant,,,,,,,,,,,,,,,19.402193,,,-99.150645,,,,,,,,,,,,,,,,,,,,,,,,,,,,,,
,,,,,,,,restaurant,,,,,,,,,,,,,,,19.3974655,,,-99.152944,Restaurante Costa Esmeralda,,,,,,,,,,,,,,,,,,,,,,,,,,,,,
,,,,,,,,restaurant,,,,,,,,,,,,,,,19.3987257,,,-99.1515237,BOON TAMALI,,,,,,,,,,,,,,,,,,,,,,,,,,,,,
,,,,,,,,restaurant,,,,,,,,,,,,,,,19.3988221,,,-99.1513755,,,,,,,,,,,,,,,,,,,,,,,,,,,,,,
,,,,,,,,restaurant,,,,,,,,,,,,,,,19.3990871,,,-99.1520858,K Town,,,,,,,,,,,,,,,,,,,,,,,,,,,,,
,,,,,,,,restaurant,,,,,,,,,,,,,,,19.3975451,,,-99.1529516,La cueva del amigo,,,,,,,,,,,,,,,,,,,,,,,,,,,,,
,,,,,,,,restaurant,,,,,,,,,,,,,,,19.3984083,,,-99.1527728,Taqueria Narvarte,,,,,,,,,,,,,,,,,,,,,,,,,,,,,
,,,,,,,,restaurant,,,,,,,,,,,,,,,19.3984077,,,-99.153386,,,,,,,,,,,,,,,,,,,,,,,,,,,,,,
,,,,,,,,restaurant,,,,,,,,,,,,,,,19.3987667,,,-99.1514624,LA PERDIDA,,,,,,,,,,,,,,,,,,,,,,,,,,,,,
,,,,,,,,restaurant,,,,,,,,,,,,,,,19.398401,,,-99.1526114,Amory sale & pizza,,,,,,,,,,,,,,,,,,,,,,,,,,,,,
,,,,,,,,restaurant,,,,,,,,,,,,,,,19.3984005,,,-99.1523182,GYROS,,,,,,,,,,,,,,,,,,,,,,,,,,,,,
,,,,,,,,restaurant,,,,,,,,,,,,,,,19.3989571,,,-99.1520193,Rosite,,,,,,,,,,,,,,,,,,,,,,,,,,,,,
,,,,,,,,restaurant,,,,,,,,,,,,,,,19.3986391,,,-99.1516796,PICCOLO PIZZA,,,,,,,,,,,,,,,,,,,,,,,,,,,,,
,,,,,,,,restaurant,,,,,,,,,,,,,,,19.3985789,,,-99.151769,Guisados Mexicanos,,,,,,,,,,,,,,,,,,,,,,,,,,,,,
,,,,,,,,restaurant,,,,,,,,,,,,,,,19.3997763,,,-99.1486933,,,,,,,,,,,,,,,,,,,,,,,,,,,,,,
,,,,,,,,restaurant,,,,,,,,,,,,,,,19.3985691,,,-99.1513066,,,,,,,,,,,,,,,,,,,,,,,,,,,,,,
,,,,,,,,school,,,,,,,,,,,,,,,19.3998075,,,-99.1488159,Tae kwondoo,,,,,,,,,,,,,,,,,,,,,,,,,,,,,
,,,,,,,,restaurant,,,,,,,,,,,,,,,19.3992197,,,-99.1500957,"Mi gusto es ""Mariqueria""",,,,,,,,,,,,,,,,,,,,,,,,,,,,,
,,,,,,,,restaurant,,,,,,,,,,,,,,,19.3981041,,,-99.1520347,"Cocina Economica ""MICHELLE""",,,,,,,,,,,,,,,,,,,,,,,,,,,,,
,,,,,,,,bar,,,,,,,,,,,,,,,19.4003485,,,-99.1481204,,,,,,,,,,,,,,,,,,,,,,,,,,,,,,
,,,,,,,,restaurant,,,,,,,,,,,,,,,19.3989547,,,-99.1505914,Flautas Vertiz,,,,,,,,,,,,,,,,,,,,,,,,,,,,,
,,,,,,,,restaurant,,,,,,,,,,,,,,,19.3987379,,,-99.1509873,Tortas JORGE,,,,,,,,,,,,,,,,,,,,,,,,,,,,,
,,,,,,,,restaurant,,,,,,,,,,,,,,,19.3997932,,,-99.1484482,ELEFANTE,,,,,,,,,,,,,,,,,,,,,,,,,,,,,
,,,,,,,,restaurant,,,,,,,,,,,,,,,19.3990727,,,-99.1503972,"Mi gusto es ""Mariqueria""",,,,,,,,,,,,,,,,,,,,,,,,,,,,,
,,,,,,,,bar,,,,,,,,,,,,,,,19.4001184,,,-99.1470151,,,,,,,,,,,,,,,,,,,,,,,,,,,,,,
,,,,,,,,school,,,,,,,,,,,,,,,19.3993354,,,-99.1456127,,,,,,,,,,,,,,,,,,,,,,,,,,,,,,
,,,,,,,,restaurant,,,,,,,,,,,,,,,19.3995979,,,-99.1459268,,,,,,,,,,,,,,,,,,,,,,,,,,,,,,
distrito federal,,,767,03100,Universidad,,,restaurant,,,steak,,,,,,,,,,,,19.3738913,,,-99.163265,Restaurante La Mansión,,,,,,,"Mo-Th 07:00-23:00, Fr 07:00-24:00, Sa 08:00-24:00, Su 08:00-22:00",,,,,,,,,,,,,,,,,,,,,,
distrito federal,,,855,,Uxmal,,,school,,,,,,,,,,,,,,,19.3666374,,,-99.1596764,Círculo Mexicano de Integración Educativa,,,,,,,,,,,,,,,,,,01 55 5688 4915,,,,,,,,http://cemie.azurewebsites.net/,,,
,,,,,,,,restaurant,,,,,yes,,,,,,,,,,19.3896135,,,-99.158836,Piloncillo y Cascabel,,,,,,,8>00 - 22:00,,,,,,,,,,,,,,,outside,,,,,,,
,,,,,,,,school,,,,,,,,,,,,,,,19.3956233,,,-99.1487328,,,,,,,,,,,,,,,,,,,,,,,,,,,,,,
,,,,,,,,restaurant,,,,,,,,,,,,,,,19.3983987,,,-99.1494994,,,,,,,,,,,,,,,,,,,,,,,,,,,,,,
,,,,,,,,restaurant,,,,,,,,,,,,,,,19.3921436,,,-99.1519005,,,,,,,,,,,,,,,,,,,,,,,,,,,,,,
,,,,,,,,restaurant,,,,,,,,,,,,,,,19.398042,,,-99.1493052,,,,,,,,,,,,,,,,,,,,,,,,,,,,,,
,,,,,,,,restaurant,,,,,,,,,,,,,,,19.3960474,,,-99.1480076,,,,,,,,,,,,,,,,,,,,,,,,,,,,,,
,,,,,,,,restaurant,,,,,,,,,,,,,,,19.3923652,,,-99.150634,,,,,,,,,,,,,,,,,,,,,,,,,,,,,,
,,,,,,,,restaurant,,,,,,,,,,,,,,,19.3917868,,,-99.1519107,,,,,,,,,,,,,,,,,,,,,,,,,,,,,,
,,,,,,,,bar,,,,,,,,,,,,,,,19.3961825,,,-99.1480076,,,,,,,,,,,,,,,,,,,,,,,,,,,,,,
,,,,,,,,restaurant,,,,,,,,,,,,,,,19.3911988,,,-99.1509607,,,,,,,,,,,,,,,,,,,,,,,,,,,,,,
,,,,,,,,restaurant,,,,,,,,,,,,,,,19.3957291,,,-99.1484571,,,,,,,,,,,,,,,,,,,,,,,,,,,,,,
,,,,,,,,restaurant,,,,,,,,,,,,,,,19.3956426,,,-99.1490397,,,,,,,,,,,,,,,,,,,,,,,,,,,,,,
,,,,,,,,restaurant,,,,,,,,,,,,,,,19.3927315,,,-99.1510524,,,,,,,,,,,,,,,,,,,,,,,,,,,,,,
,,,,,,,,restaurant,,,,,,,,,,,,,,,19.3924036,,,-99.1518597,,,,,,,,,,,,,,,,,,,,,,,,,,,,,,
,,,,,,,,restaurant,,,,,,,,,,,,,,,19.3969723,,,-99.1503067,,,,,,,,,,,,,,,,,,,,,,,,,,,,,,
,,,,,,,,restaurant,,,,,,,,,,,,,,,19.3972425,,,-99.1507359,,,,,,,,,,,,,,,,,,,,,,,,,,,,,,
,,,,,,,,restaurant,,,,,,,,,,,,,,,19.3951027,,,-99.1513185,,,,,,,,,,,,,,,,,,,,,,,,,,,,,,
,,,,,,,,restaurant,,,,,,,,,,,,,,,19.3957483,,,-99.1496528,,,,,,,,,,,,,,,,,,,,,,,,,,,,,,
,,,,,,,,restaurant,,,,,,,,,,,,,,,19.3952084,,,-99.1508378,,,,,,,,,,,,,,,,,,,,,,,,,,,,,,
,,,,,,,,restaurant,,,,,,,,,,,,,,,19.3959892,,,-99.1512777,,,,,,,,,,,,,,,,,,,,,,,,,,,,,,
,,,,,,,,school,,,,,,,,,,,,,,,19.3970012,,,-99.1511549,,,,,,,,,,,,,,,,,,,,,,,,,,,,,,
,,,,,,,,restaurant,,,,,,,,,,,,,,,19.3975987,,,-99.1507257,,,,,,,,,,,,,,,,,,,,,,,,,,,,,,
,,,,,,,,restaurant,,,,,,,,,,,,,,,19.3949195,,,-99.1512981,,,,,,,,,,,,,,,,,,,,,,,,,,,,,,
,,,,,,,,bar,,,,,,,,,,,,,,,19.3991789,,,-99.1509061,,,,,,,,,,,,,,,,,,,,,,,,,,,,,,
,,,,,,,,restaurant,,,,,,,,,,,,,,,19.3978294,,,-99.1515085,,,,,,,,,,,,,,,,,,,,,,,,,,,,,,
,,,,,,,,restaurant,,,,,,,,,,,,,,,19.3871729,,,-99.1492486,,,,,,,,,,,,,,,,,,,,,,,,,,,,,,
,,,,,,,,restaurant,,,,,,,,,,,,,,,19.3920307,,,-99.1524801,,,,,,,,,,,,,,,,,,,,,,,,,,,,,,
,,,,,,,,restaurant,,,,,,,,,,,,,,,19.3891383,,,-99.1471243,,,,,,,,,,,,,,,,,,,,,,,,,,,,,,
,,,,,,,,school,,,,,,,,,,,,,,,19.3901018,,,-99.1490855,,,,,,,,,,,,,,,,,,,,,,,,,,,,,,
,,,,,,,,school,,,,,,,,,,,,,,,19.3864402,,,-99.1478195,,,,,,,,,,,,,,,,,,,,,,,,,,,,,,
,,,,,,,,school,,,,,,,,,,,,,,,19.390796,,,-99.1471243,,,,,,,,,,,,,,,,,,,,,,,,,,,,,,
,,,,,,,,restaurant,,,,,,,,,,,,,,,19.3919518,,,-99.149004,,,,,,,,,,,,,,,,,,,,,,,,,,,,,,
,,,,,,,,restaurant,,,Mexican,,,,,,,,,,,,19.3920764,,,-99.1727996,Los Remedios,,,,,,,,,,,,,,,,,,,,,,,,,,,,,
,,,,,,,,restaurant,,,,,,,,,,,,,,,19.426357,,,-99.1652557,Taqueria Gis,,,,,,,,,,,,,,,,,,,,,,,,,,,,,
,,,,,,,,restaurant,,,tacos,,yes,,,,,,,,,,19.3894921,,,-99.1580034,Taquería Frank's,,,,,,,09:00 - 24:00,,,,,,,,,,,,,,,outside,,yes,,,,,
,,,145,06020,Av. de la República,,,restaurant,,,grill;barbecue;argentinian;mexican,,,,,,,,,,,,19.4359139,,,-99.151846,Fonda Argentina,,,,,,,Mo-We 13:00-22:00; Th-Sa 13:00-22:00; Su 13:00-22:00,,,,,,,,,,,,,,,,,,,http://fondaargentina.com,,,
,,,,,,,,restaurant,,,mexican,,,,,,,,,,,,19.4361466,,,-99.1529028,La Soldadera,,,,,,,,,,,,,,,,,,,,,,,,,,,,,
,,,,,,,,restaurant,,,Steak,,,,,,,,,,,,19.4365108,,,-99.1531174,Angus,,,,,,,,,,,,,,,,,,,,,,,,,,,,,
,,,,,,,,restaurant,,,mexican,,,,,,,,,,,,19.4365715,,,-99.1530369,Porfirio,,,,,,,,,,,,,,,,,,,,,,,,,,,,,
Mexico Cirty,,,,,,,,restaurant,,,regional,,no,,,,,,,,,,19.412783,,,-99.1715788,,,,,,,,,,,,,,,,,,,,,,,no,,no,,,,,
,,,,,,,,restaurant,,,,,,,,,,,,,,,19.4144247,,,-99.1669248,Milo's,,,,,,,,,,,,,,,,,,,,,,,,,,,,,
,,,,,,,,bar,,,,,,,,,,,,,,,19.4146924,,,-99.1559032,Bar San Luis,,,,,,,,,,,,,,,,,,,,,,,,,,,,,
,,,,,,,,restaurant,,,regional,,,,,,,,,,,,19.4150498,,,-99.15544,Las Tlayudas,,,,,,,,,,,,,,,,,,,,,,,,,,,,,
,,,,,,,,restaurant,,,regional,,,,,,,,,,,,19.4371982,,,-99.127463,Mercado Abelardo Rodriguez,,,,,,,,,,,,,,,,,,,,,,,,,,,,,
,,,,,,,,restaurant,,,mexican,,,,,,,,,,,,19.4254441,,,-99.1772856,Los Panchos,,,,,,,,,,,,,,,,,,,,,,,,,,,,,
,,,,,,,,restaurant,,,,,,,,,,,,,,,19.4255565,,,-99.163564,Tacontento,,,,,,,,,,,,,,,,,,,,,,,,,,,,,
,,,,,,,,restaurant,,,oaxaqueña,,,,,,,,,,,,19.4240866,,,-99.1690312,Barro Negro,,,,,,,,,,,,,,,,,,,,,,,,,,,,,
,,,,,,,,restaurant,,,burger,,,,,,,,,,,,19.4363095,,,-99.2025465,HM Homero,,,,,,,,,,,,,,,,,,,,,,,,,,,,,
,,,,,,,,restaurant,,,indian,,,,,,,,,,,,19.4254815,,,-99.1772045,Rahmania Restaurante,,,,,,,,,,,,,,,,,,,,,,,,,,,,,
,,,,,,,,restaurant,,,japanese,,,,,,,,,,,,19.4244606,,,-99.1691291,,,,,,,,,,,,,,,,,,,,,,,,,,,,,,
,,,,,,,,restaurant,,,mexican,,,,,,,,,,,,19.4314813,,,-99.1623257,D Federal Cantina,,,,,,,,,,,,,,,,,,,,,,,,,,,,,
,,,,,,,,restaurant,,,,,,,,,,,,,,,19.4253368,,,-99.1634308,Salon Corona,,,,,,,,,,,,,,,,,,,,,,,,,,,,,
,,,,,,,,restaurant,,,chicken,,,,,,,,,,,,19.4367015,,,-99.2037915,Wings Army,,,,,,,,,,,,,,,,,,,,,,,,,,,,,
,,,,,,,,restaurant,,,,,,,,,,,,,,,19.4253557,,,-99.1636146,Génova,,,,,,,,,,,,,,,,,,,,,,,,,,,,,
,,,,,,,,restaurant,,,,,,,,,,,,,,,19.4363023,,,-99.2026629,La Castellana,,,,,,,,,,,,,,,,,,,,,,,,,,,,,
México,,,87,,Calz. Chabacano,,,bar,,,,,,,,,,,,,,,19.4086423,,,-99.1309795,Bacanal,,,,,,,,,,,,,,,,,,,,,,no,,,,,,,
Mexico City,,,23,,Palma,,,restaurant,,,mexican,,,,,,,,,,,,19.4336275,,,-99.1352776,El Cardenal,,,,,,,,,,,,,,,,,,+52 55 5521 3080,,,,no,,,,http://restauranteelcardenal.com,,,
Mexico City,,,155,06170,Atlixco,,,restaurant,,,regional,,,,,,,,,,,,19.4093834,,,-99.1764986,Tlacoyos Milenarios,,,,,,,,,,,,,,,,,,,,,,,,,,,,,
,,,,,,,,restaurant,,,regional,,,,,,,,,,,,19.378129,,,-99.1708901,Fonda Santa Margarita,,,,,,,,,,,,,,,,,,,,,,,,,,,,,
,,,,,,,,restaurant,,,,,,,,,,,,,,,19.3778271,,,-99.1708519,Los Chamorros de Tlacoquemecatl,,,,,,,,,,,,,,,,,,,,,,,,,,,,,
,,,,,,,,restaurant,,,,,,,,,,,,,,,19.3844635,,,-99.1757119,La Vid Argentina,,,,,,,,,,,,,,,,,,,,,,,,,,,,,
,,,,,,,,restaurant,,,,,,,,,,,,,,,19.3860878,,,-99.1759453,T.G.I. Friday's,,,,,,,,,,,,,,,,,,,,,,,,,,,,,
,,,,,,,,restaurant,,,,,,,,,,,,,,,19.3861157,,,-99.1757575,Barbacoa de Santiago,,,,,,,,,,,,,,,,,,,,,,,,,,,,,
,,,,,,,,restaurant,,,,,,,,,,,,,,,19.3884104,,,-99.1758269,Sonora Grill,,,,,,,,,,,,,,,,,,,,,,,,,,,,,
,,,,,,,,restaurant,,,,,,,,,,,,,,,19.3889062,,,-99.1738109,Texas Ribs,,,,,,,,,,,,,,,,,,,,,,,,,,,,,
,,,,,,,,restaurant,,,,,,,,,,,,,,,19.389812,,,-99.1740186,La Rural,,,,,,,,,,,,,,,,,,,,,,,,,,,,,
,,,,,,,,restaurant,,,,,,,,,,,,,,,19.3896918,,,-99.1740561,Prime & Wine,,,,,,,,,,,,,,,,,,,,,,,,,,,,,
,,,,,,,,restaurant,,,,,,,,,,,,,,,19.3881945,,,-99.1740478,Le Bon Vivant,,,,,,,,,,,,,,,,,,,,,,,,,,,,,
,,,,,,,,restaurant,,,,,,,,,,,,,,,19.387143,,,-99.1755255,Brindisi,,,,,,,,,,,,,,,,,,,,,,,,,,,,,
,,,,,,,,restaurant,,,,,,,,,,,,,,,19.387606,,,-99.1738826,Gino's,,,,,,,,,,,,,,,,,,,,,,,,,,,,,
,,,,,,,,restaurant,,,,,,,,,,,,,,,19.3865814,,,-99.1727553,Pan y Pasta,,,,,,,,,,,,,,,,,,,,,,,,,,,,,
,,,,,,,,restaurant,,,,,,,,,,,,,,,19.3838172,,,-99.1703061,El Tizoncito,,,,,,,,,,,,,,,,,,,,,,,,,,,,,
,,,,,,,,restaurant,,,,,,,,,,,,,,,19.3870287,,,-99.1673265,Take a Wok,,,,,,,,,,,,,,,,,,,,,,,,,,,,,
,,,,,,,,restaurant,,,,,,,,,,,,,,,19.3810531,,,-99.1687992,El Chivito de San Cosme,,,,,,,,,,,,,,,,,,,,,,,,,,,,,
,,,,,,,,restaurant,,,,,,,,,,,,,,,19.3780119,,,-99.1661788,El Fogonazo,,,,,,,,,,,,,,,,,,,,,,,,,,,,,
,,,,,,,,restaurant,,,,,,,,,,,,,,,19.3778335,,,-99.1654596,La Madrileña,,,,,,,,,,,,,,,,,,,,,,,,,,,,,
,,,,,,,,restaurant,,,,,,,,,,,,,,,19.3781705,,,-99.1679347,Sonora Grill,,,,,,,,,,,,,,,,,,,,,,,,,,,,,
,,,,,,,,restaurant,,,,,,,,,,,,,,,19.378448,,,-99.1691582,El Hostal de los Quesos,,,,,,,,,,,,,,,,,,,,,,,,,,,,,
,,,,,,,,restaurant,,,sushi,,,,,,,,,,,,19.3775625,,,-99.1696603,Harumi Valle,,,,,,,,,,,,,,,,,,,,,,,,,,,,,
,,,,,,,,restaurant,,,arabe,,,,,,,,,,,,19.3872647,,,-99.1715562,Alibaba,,,,,,,,,,,,,,,,,,,,,,,,,,,,,
,,,,,,,,restaurant,,,,,,,,,,,,,,,19.3904161,,,-99.1704235,La Casa de la Yeya,,,,,,,,,,,,,,,,,,,,,,,,,,,,,
,,,,,,,,restaurant,,,,,,,,,,,,,,,19.3906531,,,-99.1703244,Gino's,,,,,,,,,,,,,,,,,,,,,,,,,,,,,
,,,,,,,,restaurant,,,,,,,,,,,,,,,19.3907349,,,-99.1703439,La Posta,,,,,,,,,,,,,,,,,,,,,,,,,,,,,
,,,,,,,,restaurant,,,,,,,,,,,,,,,19.3886106,,,-99.1688042,Los Equipales,,,,,,,,,,,,,,,,,,,,,,,,,,,,,
,,,,,,,,restaurant,,,,,,,,,,,,,,,19.3879778,,,-99.1694406,Las Polas,,,,,,,,,,,,,,,,,,,,,,,,,,,,,
,,,,,,,,restaurant,,,grill,,,,,,,,,,,,19.3889979,,,-99.1681844,La Parrillita,,,,,,,,,,,,,,,,,,,,,,,,,,,,,
,,,,,,,,restaurant,,,,,,,,,,,,,,,19.3837717,,,-99.1719306,Los Pibes,,,,,,,,,,,,,,,,,,,,,,,,,,,,,
,,,,,,,,restaurant,,,,,,,,,,,,,,,19.3814229,,,-99.1704495,Tinto Café,,,,,,,,,,,,,,,,,,,,,,,,,,,,,
,,,,,,,,restaurant,,,,,,,,,,,,,,,19.4024336,,,-99.1601694,Buffalo,,,,,,,,,,,,,,,,,,,,,,,,,yes,,yes,,
,,,,,,,,restaurant,,,,,,,,,,,,,,,19.4024336,,,-99.1601694,Buffalo wild wings,,,,,,,,,,,,,,,,,,,,,,,,,yes,,yes,,
,,,,,,,,school,,,,,,,,,,,,,,,19.3772165,,,-99.1535319,Kumon Narvarte,,,,,,,,,,,,,,,,,,01 55 1107 8828,,,,,,,,http://www.kumon.com/mx-es/,,,
,,,,,,,,restaurant,,,,,,,,,,,,,,,19.3750407,,,-99.1537747,Restaurante El Amaranto,,,,,,,,,,,,,,,,,,55 5539 5074,,,,,,,,,,,
,,,1154,,Miguel Laurent,,,restaurant,,,,,,,,,,,,,,,19.3738002,,,-99.1561628,3 Sesenta Pizzería de Barrio,,,,,,,,,,,,,,,,,,8000-123-4567,,,,,,,,http://3-sesenta.com.mx/,,,
,,,,,,,,restaurant,,,,,,,,,,,,,,,19.3738353,,,-99.1563646,Proyecto Gourmet,,,,,,,,,,,,,,,,,,,,,,,,,,,,,
,,,,,,,,restaurant,,,mexican,,,,,,,,,,,,19.3753528,,,-99.1553382,El Naranjito,,,,,,,,,,,,,,,,,,55 5336 9630,,,,,,,,,,,
,,,,,,,,restaurant,,,,,,,,,,,,,,,19.3792924,,,-99.1580492,La Parrilla Suiza,,,,,,,,,,,,,,,,,,55 5688 0014,,,,,,,,,,,
,,,,,,,,school,,,,,,,,,,,,,,,19.3666932,,,-99.1699458,Colegio Greenland,,,,,,,,,,,,,,,,,,55 5534 4300,,,,,,,,http://www.greenland.edu.mx/,,,
,,,,,,,,school,,,,,,,,,,,,,,,19.3746067,,,-99.1631359,UNIVDEP,,,,,,,,,,,,,,,,,,55 5688 8315,,,,,,,,www.univdep.edu.mx,,,
,,,,,,,,restaurant,,,mexican,,,,,,,,,,,,19.3707893,,,-99.1664181,Sonora Grill - Félix Cuevas,,,,,,,,,,,,,,,,,,55 5543 8299,,,,,,,,www.sonoragrill.com.mx,,,
mexico city,,,605,03100,Amores,,,school,,,,,,,,,,,,,,,19.3899337,,,-99.1650643,Centro Educativo Jeeb,,,,,,,,,,,,,,,,,,55 5575 7913,,,,,,,,www.jeeb.edu.mx,,,
,,,295,,Obrero Mundial,,,restaurant,,,mexican,,,,,,,,,,,,19.4013154,,,-99.1597833,Sonora Taco Steak,,,,,,,"Mo-Sa 10:00-00:00, Su 13:00-22:00",,,,,,,,,,,,,,,,,,,,,,
,,,,,,,,school,,,,,,,,,,,,,,,19.400023,,,-99.1561508,Secundaria Diurna - María Enriqueta Camarillo,,,,,,,,,,,,,,,,,,55 3601 7100,,,,,,,,,,,
,,,5,,Ponciano Arriaga,,,restaurant,,,mexican,,,,,,,,,,,,19.4385876,,,-99.153679,Potzollcalli,,,,,,,,,,,,,,,,,,,,,,,,,,,,,
"Miguel Hidalgo , CDMX.",,,,06030,"Paseo de la Reforma 77, Ciudad de México, Tabacalera.",,,restaurant,,,,,,,,,,,,,,,19.433605,,,-99.1550799,TOKS Reforma 77,,,,,,,,,,,,,,,,,,,,,,,,,,http://www.toks.com.mx,yes,"Restaurante totalmente accesible Estacionamiento,Rampas , Baños con espacios para sillas de ruedas .",
,,,,,,,,restaurant,,,"mexican,_seafood",,,,,,,,,,,,19.3655644,,,-99.1772587,Marisqueria Del Valle,,,,,,,,,,,,,,,,,,55 5524 5391,,,,,,,,http://www.marisqueriadelvalle.com.mx/,,,
Ciudad de México,,,909,03300,Lázaro Cárdenas,,,bar,,,,,,,,,,,,,,,19.3619191,,,-99.1512316,Círculo 99,,,,,,,"Tu-Th 13:00-23:00; Fr,Sa 13:00-01:00",,,,,,,,,,,,,,,,,,,,,,
,,,117,,Municipio Libre,,,restaurant,,,,,,Birriería,,,,,,,,,19.3689414,,,-99.1472066,El Birria,,,,,,,Tu-Su 10:00-18:00,,,,,,,,,,,,,,,,,,,,,,
,,,,,,,,restaurant,,,,,,,,,,,,,,,19.3526113,,,-99.1639946,Pizzas El Perro Negro,,,,,,,,,,,,,,,,,,,,,,,,,,,,,
Ciudad de México,,,493,06760,Avenida Insurgentes Sur,,,restaurant,,,,,,,,,,,,,,,19.403984,,,-99.1694243,Vips,,,,,,,,,,,,,,,,,,,,,,,,,,,,,
,,,,,San Felipe,,,restaurant,,,vegetarian,gastropub,,,,,,,,,,,19.3609516,,1,-99.1644566,La Chicha,,,,,,,Mo 14:00 - 22:00; Tu-Su 09:00 - 23:00,,yes,,no,yes,yes,yes,no,survey,yes,,,,,no,,,,,yes,,
Ciudad de México,MX,,93,11550,Julio Verne,,,restaurant,,,seafood,,,,,,,,,,wlan,,19.4310287,,,-99.1960945,Del Mar,,,,,,,,,,,,,,,,,,,,,,,,,,,,,
,,,154 D,,Av. Popocatépetl,,,bar,,,,,,,,,,,,,,,19.3612683,,,-99.1515205,La Paloma Azul,,,,,,,Mo-Sa 12:00-21:00,,,,,,,,,,,,,,,,,,,,,,
,,,654,,Universidad,,,restaurant,,,mexican,,,,,,,,,,,,19.3769574,,,-99.1607254,La Tres 40,,,,,,,,,,,,,,,,,,,,,,,,,,,,,
,,,,,Misericordia,,,restaurant,,,,,,Auténtica comida casera,,,,,,,,,19.3700816,,,-99.1607619,La Cocina,,,,,,,Mo-Su 07:00-18:00,,,,,,,,,,,+525556885573,,,,,,,,http//:www.lacocinadesantacruz.com,,,
Mexico City,,,35,11590,Dante,,,restaurant,,,mexican,,,,,,,,,,,,19.4251795,,,-99.1776834,Tacos Don Manolito,,,,,,,,,,,,,,,,,,,,,,,,,,,,,
Mexico City,,,54,11590,Leibnitz,,,restaurant,,,mexican,,,,Tacos,,,,,,,,19.4269248,,,-99.1775802,Fogoncito,,,,,,,,,,,,,,,,,,,,,,,,,,www.fogoncito.com,,,
Mexico City,,,55,11590,Leibnitz,,,restaurant,,,mexican,,,,Tacos,,,,,,,,19.4271424,,,-99.1773978,Fogoncito,,,,,,,,,,,,,,,,,,,,,,,,,,www.fogoncito.com,,,
,,,,,Paseo de la Reforma,,,restaurant,,,mexican,,,,,,,,,,,,19.4255894,,,-99.1695809,El Califa,,,,,,,,,,,,,,,,,,,,,,no,,yes,,,,,
Ciudad de México,,,74,06100,Culiacán,,,restaurant,,15,french,,yes,,,,,,,,,,19.4054535,,,-99.1704942,Cardamomo,,,,,,,08:30/16:30,,,,,,,,,,,+525565496774,,,,separated,,yes,,http://www.cardamomo.mx,,,
,,,104,,Augustin González de Cossio,,,restaurant,,,sandwich,,,,,,,,,,,,19.3932359,,,-99.1692764,Pork & Buns,,,,,,,,,,,,,,,,,,,,,,separated,,yes,,,,,
,,,,,,,,restaurant,,,,,,,,,,,,,,,19.4438457,,,-99.1996822,Mercado Moliere,,,,,,,,,,,,,,,,,,,,,,,,,,,,,
Ciudad de México,,,,,Fco. J. Clavijero,,,restaurant,,,tacos_de_carnitas,,,,,,,,,,,,19.4149405,,,-99.1302941,El Abanico,,,,,,,10:00-18:00,,,,,,,,,,,,,,,,,,,,,,
,,,,,,,,school,,,,,,,,,,,,,,,19.3656744,,,-99.1451054,Artspot,,,,,,,,,,,,,,,,,,,,,,,,,,,,,
Ciudad de México,,,51,06300,Hidalgo,,,restaurant,,,breakfast,,,,,,,,,,,,19.4385917,,,-99.1516556,La Casa de los Abuelos,,,,,,,,,,,,,,,,,,,,,,,,no,,,,,
Ciudad de México,MX,,60,06700,Cozumel,,,bar,,,mexican,,,,,,,,,,,,19.418144,,,-99.1706316,Dulce Maguey,,,,,,,We-Sa 18:00-02:00,,,,,,,,,,,+01 55 65860402,,,,outside,,,,http://www.dulcemaguey.com/,,,
,,,107,,Centenario,,,bar,,,,,,,,,,,,,,,19.3560003,,,-99.1633352,Centenario 107,,,,,,,,,,,,,,,,,,,,,,,,,,www.centenario107.com,,,
,,,,,,,,restaurant,,,argentinian;italian,,,,,,,,,,,,19.4327043,,,-99.1397109,Argentalia,,,,,,,,,,,,,,,,,,,,,,,,,,,,,
,,,,,,,,restaurant,,,,,,,,,,,,,,,19.4319053,,,-99.1348937,India Town,,,,,,,,,,,,,,,,,,,,,,,,,,,,,
,,,,,,,,restaurant,,,chinese,,,,,,,,,,,,19.4327752,,,-99.1403644,El Ave Fénix,,,,,,,,,,,,,,,,,,,,,,,,,,,,,
,,,,,,,,restaurant,,,,,,,,,,,,,,,19.4349901,,,-99.1471763,Taquería El Caifán,,,,,,,,,,,,,,,,,,,,,,,,,,,,,
,,,,,,,,restaurant,,,,,,,,,,,,,,,19.4322458,,,-99.1374687,Salón Corona,,,,,,,,,,,,,,,,,,,,,,,,,,,,,
,,,,,,,,restaurant,,,american,,,,,,,,,,,,19.4343584,,,-99.1431052,Chili's,,,,,,,,,,,,,,,,,,,,,,,,,,,,,
,,,,,,,,restaurant,,,,,,,,,,,,,,,19.4330476,,,-99.1374148,Restaurante Vegetariano,,,,,,,Mo-Su 12:00-18:00,,,,,,,,,,,,,,,,,,,,,,
,,,,,,,,restaurant,,,,,,,,,,,,,,,19.4329436,,,-99.1374228,Pasagüero,,,,,,,,,,,,,,,,,,,,,,,,,,,,,
,,,,,,,,restaurant,,,,,,,,,,,,,,,19.4329286,,,-99.1372938,La isla del dragón,,,,,,,,,,,,,,,,,,,,,,,,,,,,,
,,,,,Avenida Juárez,,,restaurant,,,international,,,,,,,,,,,,19.4344427,,,-99.1437961,Toks,,,,,,,,,,,,,,,,,,,,,,,,,,,,,
,,,,,,,,restaurant,,,,,,,,,,,,,,,19.433999,,,-99.1372359,Los Chilangos,,,,,,,,,,,,,,,,,,,,,,,,,,,,,
,,,,,,,,restaurant,,,argentinian,,,,,,,,,,,,19.4341773,,,-99.1372135,Cantina Buenos Aires,,,,,,,,,,,,,,,,,,,,,,,,,,,,,
,,,,,,,,restaurant,,,,,,,,,,,,,,,19.433816,,,-99.1492935,Chiruedongaria,,,,,,,,,,,,,,,,,,,,,,,,,,,,,
,,,,,,,,restaurant,,,,,,,,,,,,,,,19.434878,,,-99.136122,La petite crépe,,,,,,,,,,,,,,,,,,,,,,,,,,,,,
,,,,,,,,restaurant,,,mexican,,,,,,,,,,,,19.4347639,,,-99.1361454,El 9 de Isabel,,,,,,,,,,,,,,,,,,,,,,,,,,,,,
,,,,,San Felipe,,,bar,,,,,,,,,,,,,,,19.4372791,,,-99.1376782,Río de la Plata,,,,,,,Mo-Su 08:00-18:00; Apr 10-15 off; Jun 08:00-14:00; Aug off; Dec 25 off,Río de la Plata,,,,,,,,,,,,,,no,,,,,no,,
,,,,,,,,restaurant,,,,,,,,,,,,,,,19.3530074,,,-99.176896,Samborna Café,,,,,,,,,,,,,,,,,,,,,,,,,,,,,
,,,,,,,,restaurant,,,,,,,,,,,,,,,19.4032105,,,-99.1556427,La Casa de Toño,,,,,,,24/7,,,,,,,,,,,,,,,,,,,,,,
,,,,,,,,bar,,,,,,,,,,,,,,,19.4020615,,,-99.1530128,Arracheras,,,,,,,,,,,,,,,,,,,,,,,,,,,,,
,,,,,,,,restaurant,,,,,,,,,,,,,,,19.3601796,,,-99.1712609,Sonora Grill,,,,,,,,,,,,,,,,,,,,,,,,,,,,,
,,,,,,,,restaurant,,,italian_pizza;italian,,,,,,,,,,,,19.4020666,,,-99.1531671,La Milanezzeria,,,,,,,,,,,,,,,,,,,,,,,,,,,,,
,,,,,,,,restaurant,,,argentinian,,,,,,,,,,,,19.4343178,,,-99.1457772,GoTan,,,,,,,,,,,,,,,,,,,,,,,,,,,,,
,,,,,,,,restaurant,,,french,,,,,,,,,,,,19.4168161,,,-99.1680575,La vie en Rose,,,,,,,,,,,,,,,,,,,,,,,,,,,,,
,,,,,,,,restaurant,,,,,,,,,,,,,,,19.4151327,,,-99.1682862,Degú,,,,,,,,,,,,,,,,,,,,,,,,,,,,,
,,,,,,,,restaurant,,,,,,,,,,,,,,,19.4199622,,,-99.1592189,Maison de Famille,,,,,,,,,,,,,,,,,,,,,,,,,,,,,
,,,,,,,,restaurant,,,mexican,,,,,,,,,,,,19.4123592,,,-99.1735196,Señor Taco,,,,,,,,,,,,,,,,,,,,,,,,,,,,,
,,,,,,,,restaurant,,,,,,,,,,,,,,,19.4111638,,,-99.1747932,El Japonez,,,,,,,,,,,,,,,,,,,,,,,,,,,,,
,,,,,,,,bar,,,,,,,,,,,,,,,19.4117905,,,-99.1758538,Barra de Mar,,,,,,,,,,,,,,,,,,,,,,,,,,,,,
,,,,,,,,restaurant,,,sushi,,,,,,,,,,,,19.4123999,,,-99.173607,Muelle 22,,,,,,,,,,,,,,,,,,,,,,,,,,,,,
,,,,,,,,restaurant,,,,,,,,,,,,,,,19.4092264,,,-99.1774779,Perros y burros,,,,,,,,,,,,,,,,,,,,,,,,,,,,,
,,,,,,,,restaurant,,,,,,,,,,,,,,,19.4092675,,,-99.1776063,Kaye,,,,,,,,,,,,,,,,,,,,,,,,,,,,,
,,,17,06020,República de Argentina,,,restaurant,,,,,,,,,,,,,,,19.4358542,,2,-99.1315414,El Mayor,,,,,,,Mo-Sa 9:00-18:30; Su 10:00-18:30,,,,,,,,,,,,,,,,,,,http://www.elmayor.com.mx/,,,
,,,,,,,,restaurant,,,,,,,,,,,,,,,19.4148457,,,-99.1552466,Banus,,,,,,,,,,,,,,,,,,,,,,,,,,,,,
,,,,,,,,restaurant,,,,,,,,,,,,,,,19.4159816,,,-99.1655071,Pizza Hut,,,,,,,,,,,,,,,,,,,,,,,,,,,,,
,,,,,,,,restaurant,,,,,,,,,,,,,,,19.4346463,,,-99.1453376,Pizza Amore,,,,,,,,,,,,,,,,,,,,,,,,,,,,,
,,,,,,,,restaurant,,,sushi,,,,,,,,,,,,19.4134268,,,-99.1620279,El Kaliche,,,,,,,,,,,,,,,,,,,,,,,,,,,,,
,,,,,,,,restaurant,,,,,,,,,,,,,,,19.4144862,,,-99.163482,Taquearte,,,,,,,,,,,,,,,,,,,,,,,,,,,,,
,,,75,,,,,restaurant,,,mexican,,,,,,,,,,,,19.3622256,,,-99.1484956,Tacos La Super,,,,,,,Mo-Sa 10:00-23:00; Su 10:00-17:00,,,,,,,,,,,,,,,,,,,,,,
,,,79 Bis,,,,,restaurant,,,mexican;international,,,,,,,,,,wlan,,19.362096,,,-99.1486249,El Convite,,,,,,,Tu-Sa 10:00-23:00,,,,,,,,,,,,,,,,,,,elconvite.com.mx,,,
,,,,,,,,restaurant,,,,,,,,,,,,,,,19.4342256,,,-99.1547779,Tacos El Caminero,,,,,,,,,,,,,,,,,,,,,,,,,,,,,
,,,,,,,,restaurant,,,,,,,,,,,,,,,19.4347863,,,-99.1546845,Río Deva,,,,,,,,,,,,,,,,,,,,,,,,,,,,,
,,,,,,,,restaurant,,,italian,,,,,,,,,,,,19.428305,,,-99.1631647,Olive Garden,,,,,,,,,,,,,,,,,,,,,,,,,,,,,
,,,,,,,,restaurant,,,,,,,,,,,,,,,19.4270872,,,-99.1664323,Gino's,,,,,,,,,,,,,,,,,,,,,,,,,,,,,
,,,,,,,,restaurant,,,,,,,,,,,,,,,19.4252502,,,-99.172611,Salón Corona,,,,,,,,,,,,,,,,,,,,,,,,,,,,,
,,,,,,,,restaurant,,,,,,,,,,,,,,,19.4257922,,,-99.1713031,Lyris,,,,,,,,,,,,,,,,,,,,,,,,,,,,,
,,,,,,,,restaurant,,,argentinian;barbecue,,,,,,,,,,,,19.4325083,,,-99.1565325,El Diez Parrilla Argentina,,,,,,,,,,,,,,,,,,,,,,,,,,,,,
,,,,,,,,restaurant,,,pizza,,,,,,,,,,,,19.4281977,,,-99.1632355,California Kitchen Pizza,,,,,,,,,,,,,,,,,,,,,,,,,,,,,
,,,250,,Paseo de la Reforma,,,restaurant,,,pasta;italian;pizza,,,,,,,,,,,,19.4283841,,,-99.1631219,Vapiano,,,,,,,Mo-Su 12:00-22:00,,,,,,,,,,,,,,,,,,,http://vapiano.mx,,,
,,,,,,,,restaurant,,,chinese,,,,,,,,,,,,19.4335767,,,-99.1549389,Panda Express,,,,,,,,,,,,,,,,,,,,,,,,,,,,,
,,,,,,,,restaurant,,,,,,,,,,,,,,,19.3536977,,,-99.145121,Yards,,,,,,,,,,,,,,,,,,,,,,,,,,,,,
,,,,,,,,school,,,,,,,,,,,,,,,19.3565499,,,-99.1537192,Colegio de educación y desarrollo integral,,,,,,,,,,,,,,,,,,,,,,,,,,,,,
,,,,,,,,restaurant,,,,,,,,,,,,,,,19.4377221,,,-99.1492986,El Mirador,,,,,,,,,,,,,,,,,,,,,,,,,,,,,
Centro,,,58,,Doncelles,,,bar,,,,,,,,,,,,,,,19.4362445,,,-99.1355449,UTA,,,,,,,21:00-03:00,,,,,,,,,,,,,,,isolated,,,,,,,
Centro,,,56,,Doncelles,,,restaurant,,,italiana,,,,,,,,,,,,19.4362749,,,-99.1357032,UTA pizzería,,,,,,,15:00-21:00,,,,,,,,,,,,,,,,,,,,,,
,,,,,,,,restaurant,,15,sandwich,,,,,,,,,,,,19.4394957,,,-99.1454252,,,,,,,,,,,,,,,,,,,,,,,no,,no,,,,,
,,,,,,,,restaurant,,,panadería,,,,,,,,,,,,19.4176504,,,-99.1640903,Le Pain Cotidian,,Le Pain Quotidian,,,,,,,,,,,,,,,,,,,,,,,,,,,
Distrito Federal,,,152,,Michoacán,,,restaurant,,50,tacos_Gourmet,,,,,,,,,,,,19.4112592,,,-99.1782228,Tacos Los acorazados del Golden Braun,,,,,,,,,,yes,,,,,,,,,,,,,,yes,,,,,
,,,,,,,,restaurant,,,,,,,,,,,,,,,19.3802989,,,-99.1529625,Domino's Pizza,,,,,,,,,,,,,,,,,,,,,,,,,,,,,
,,,,,,,,restaurant,,,,,,,,,,,,,,,19.3810478,,,-99.1531503,Buffet Libanés,,,,,,,,,,,,,,,,,,,,,,,,,,,,,
Ciudad de México,MX,,79,11550,Arquímedes,,,restaurant,,,vegan,,,,,,,,,,wlan,,19.4318047,,,-99.1912719,Forever,,,,,,,,,,,,,,,,,,,,,,,,,,,,,
,,,,,,,,restaurant,,,,,,,,,,,,,,,19.4060569,,,-99.1720845,Temictli,,,,,,,,,,,,,,,,,,,,,,,,,,,,,
Ciudad de México,,,21,,Rosales,,,school,,,,,,,,,,,,,,,19.4364604,,,-99.1496599,CONAMAT Plantel Hidalgo,,,,,,,,,,,,,,,,,,,,,,,,,,,,,
Ciudad de México,,,57,,Joaquín García Icazbalceta,,,school,,,,,,,,,,,,,,,19.4413479,,,-99.1627698,CONAMAT Plantel San Cosme,,,,,,,,,,,,,,,,,,,,,,,,,,,,,
,,,39,,,,,bar,,,,,,,,,,,,,,,19.4191334,,,-99.1566497,El Palenquito,,,,,,,,,,,,,,,,,,,,,,,,,,,,,
Mexico City,,,,,Pilares,,,restaurant,,,tacos,,yes,,,,,,,,,,19.3749594,,,-99.1525662,El Chaparrito,,,,,,,,,,,,,,,,,,,,,,,,yes,,,,,
Ciudad de México,MX,,68,11300,Bahia Santa Barbara,,,restaurant,,,seafood,,,,,,,,,,,,19.4370106,,,-99.1755974,Mariscos Don Panchito,,,,,,,,,,,,,,,,,,,,,,,,,,,,,
,,,,,,,,restaurant,,,mexican,,,,,,,,,,,,19.4356704,,,-99.1738387,Bisquets de Obregón,,,,,,,,,,,,,,,,,,,,,,,,,,,,,
,,,73,,Pirineos,,,school,,,,,,,,,,,,,,,19.3623006,,,-99.1474751,Colegio D'Lambert,,,,,,,,,,,,,,,,,,,,,,,,,,,,,
,,,,,Bélgica,,,restaurant,,,,,,,,,,,,,,,19.3622786,,,-99.1463665,Antojitos Malú,,,,,,,,,,,,,,,,,,,,,,,,,,,,,
,,,81,,Pirineos,,,restaurant,,,,,,,,,,,,,,,19.3619194,,,-99.1461144,Al Sazón del Chef,,,,,,,,,,,,,,,,,,,,,,,,,,,,,
,,,70-72,06010,Belisario Dominguez,,,restaurant,,,mexican;italian,,,,,,,,,,,,19.4379877,,,-99.1349825,La Hostería de Santo Domingo ,,,,,,,Mo-Sa 07:00-22:00; Su 08:00-22:00,,,,,,,,,,,525555265276,,,,,,,,,,,
,,,155,06760,Campeche,,,restaurant,,,barbecue,,,,,,,,,,,,19.4098165,,,-99.1652105,El Hidalguense,,,,,,,Fr-Su 07:00-22:00,,,,,,,,,,,,,,,,,,,,,,
,,,200,06100,Aguascalientes,,,restaurant,,,mexican,,,,,,,,,,,,19.4073683,,,-99.1713808,FORK OF BBQ,,,,,,,,,,,,,,,,,,+52 (55) 5264 5125,,,,,,,,,,,
,,,17,,P. Baranda,,,restaurant,,,grill;argentinian,,,,,,,,,,wlan,,19.4362643,,,-99.1520812,Restaurante Gotan,,,,,,,Mo-Th 14:00-22:00; Fr-Sa 14:00-22:00,,,,,,,,,,,55352136,,,,,,,,http://gotam.com.mx,,,
,,,55,,José Maria Iglesias,,,restaurant,,,spanish,,,,,,,,,,,,19.4371983,,,-99.1554996,Meson Puerto Chico ,,,,,,,Mo-Su 13:00-22:00,,,,,,,,,,,,,,,,,,,http://mesonpuertochico.com.mx,,,
,,,,,,,,restaurant,,,seafood_and_mexican,,,,,,,,,,,,19.4365738,,,-99.1757787,El rincón veracruzano,,,,,,,,,,,,,,,,,,,,,,,,,,,,,
Ciudad de México,MX,,111,11560,Av. Emilio Castelar,"Miguel Hidalgo, Polanco",,restaurant,,,,,,,,,,,,,,,19.430047,,,-99.197292,Casa Portuguesa,,,,,,,,,,,,,,,,,,,,,,,,,,,,,
Ciudad de México,MX,,121,11560,Av. Emilio Castelar,"Miguel Hidalgo, Polanco",,restaurant,,,steak_house,,,,,,,,,,,,19.4300521,,,-99.1974127,L´Entrecote - Le Relais de Venise,,,,,,,,,,,,,,,,,,,,,,,,,,,,,
Ciudad de México,MX,,135,11560,Av. Emilio Castelar,"Miguel Hidalgo, Polanco",,restaurant,,,,,,,,,,,,,,,19.4301937,,,-99.1983944,Nonna Cucina Bar,,,,,,,,,,,,,,,,,,,,,,,,,,,,,
Ciudad de México,MX,,163,11560,Av. Emilio Castelar,"Miguel Hidalgo, Polanco",,restaurant,,,,,,,,,,,,,,,19.4303872,,,-99.1995317,Novecento (900) Bistro Argentino,,,,,,,,,,,,,,,,,,,,,,,,,,,,,
Ciudad de México,MX,,171,11560,Av. Emilio Castelar,"Miguel Hidalgo, Polanco",,restaurant,,,,,,,,,,,,,,,19.430453,,,-99.1999474,Belmondo Polanco,,,,,,,,,,,,,,,,,,,,,,,,,,,,,
Ciudad de México,MX,,213,11550,Av. Emilio Castelar,"Miguel Hidalgo, Polanco",,restaurant,,,,,,,,,,,,,,,19.4314863,,,-99.2011826,Gogó y Lolá Bistro,,,,,,,,,,,,,,,,,,,,,,,,,,,,,
,,,10,,Lázaro Cárdenas,,,school,,,,,,,,,,,,,,,19.439211,,,-99.1404452,"Secundaria ""Corregidora de Querétaro""",,,,,"Escuela Secundaria Técnica No. 2 ""Corregidora de Querétaro",,,DGETI - SEP,,,,,,,,,,,,,,,,,,,,,
,,,291,06800,Bolívar,,,bar,,,,,,,,,,,,,,,19.4158962,,,-99.1412026,Barba Azul,,,,,,,,,,,,,,,,,,,,,,,,,,,,,
Ciudad de México,MX,,121,11560,Av. Emilio Castelar,,,restaurant,,,,,,,,,,,,,,,19.4300568,,,-99.1975147,JALEO - Bar de Tapas,,,,,,,,,,,,,,,,,,,,,,,,,,,,,
Ciudad de México,MX,,8 C,11560,Oscar Wilde,,,restaurant,,,,,,,,,,,,,,,19.4303957,,,-99.1972908,Flor de Viento Health Food,,,,,,,,,,,,,,,,,,,,,,,,,,,,,
Ciudad de México,MX,,s/n,11560,Anatole France,,,restaurant,,,sushi,,,,,,,,,,,,19.4311002,,,-99.1975576,Sushi Roll,,,,,,,,,,,,,,,,,,,,,,,,,,,,,
Ciudad de México,MX,,98,11560,Anatole France,,,restaurant,,,steak_house,,,,,,,,,,,,19.4313519,,,-99.197799,Mar y Tierra La Única,,,,,,,,,,,,,,,,,,,,,,,,,,,,,
Ciudad de México,MX,,100,11560,Anatole France,,,restaurant,,,,,,,,,,,,,,,19.4314505,,,-99.1977803,Dulce Patria,,,,,,,,,,,,,,,,,,,,,,,,,,,,,
,,,,,Versalles,,,restaurant,,,italian_pizza,,,,,,,,,,,,19.4304127,,,-99.1547372,Fontina Trattoria,,,,,,,,,,,,,,,,,,,,,,,,,,,,,
,,,,,,,,restaurant,,,,,,,,,,,,,,,19.423589,,,-99.156924,La Flor del Son,,,,,,,,,,,,,,,,,,,,,,,,,,,,,
Ciudad de México,MX,,38,11560,Julio Verne,,,restaurant,,,japanese,,,,,,,,,,,,19.428456,,,-99.1974114,Kazuma,,,,,,,,,,,,,,,,,,,,,,,,,,,,,
Ciudad de México,MX,,40,11560,Virgilio,,,restaurant,,,,,,,,,,,,,,,19.4299085,,,-99.196184,Spuntino,,,,,,,,,,,,,,,,,,,,,,,,,,,,,
Ciudad de México,MX,,108,11550,Calderón de la Barca,,,restaurant,,,,,,,,,,,,,,,19.4321565,,,-99.1991884,La Buena Fé,,,,,,,,,,,,,,,,,,,,,,,,,,,,,
Ciudad de México,MX,,349,11560,Séneca,"Col. Los Morales, Sección Alameda",,restaurant,,,steak_house,,,,,,,,,,,,19.4324064,,,-99.2026578,Papa Bill's Stadium Stekhaouse Sportsbar,,,,,,,,,,,,,,,,,,,,,,,,,,,,,
Ciudad de México,MX,,407,11550,Av. Presidente Masaryk,,,restaurant,,,,,,,,,,,,,,,19.4320155,,,-99.198757,Biko,,,,,,,,,,,,,,,,,,,,,,,,,,,,,
,,,,,,,,restaurant,,,,,,,,,,,,,,,19.4254611,,,-99.1862561,,,,,,,,,,yes,,,,,,,,,,,,,,,,,,,,
,,,,,,,,school,,,,,,,,,,,,,,,19.4141635,,,-99.1262166,,,,,,,,,,,,,,,,,,,,,,,,,,,,,,
Ciudad de México,MX,,290,11560,Campos Eliseos,,,restaurant,,,,,,,,,,,,,,,19.4267757,,,-99.197058,Carlotta,,,,,,,,,,,,,,,,,,,,,,,,,,,,,
Ciudad de México,MX,,290,11560,Campos Eliseos,,,restaurant,,,mexican,,,,,,,,,,,,19.4268099,,,-99.1969547,Mezcalería Los Amantes,,,,,,,,,,,,,,,,,,,,,,,,,,,,,
,,,32,06000,Palma,,,restaurant,,,mexican,,,,,,,,,,,,19.4325815,,,-99.1352662,El Rey del Pavo,,,,,,,Mo-Sa 11:00-18:45,,,,,,,,,,,55182810,,,,,,,,http://elreydelpavo.com.mx,,,
Ciudad de México,MX,,85,11550,Alejandro Dumas,,,restaurant,,,,,,,,,,,,,,,19.4307215,,,-99.1957849,La Encomienda,,,,,,,,,,,,,,,,,,,,,,,,,,,,,
Ciudad de México,MX,,102,11550,Julio Verne,,,restaurant,,,steak_house,,,,,,,,,,,,19.4307334,,,-99.1965093,Porter,,,,,,,,,,,,,,,,,,,,,,,,,,,,,
Ciudad de México,MX,,122,11550,Alejandro Dumas,,,restaurant,,,,,,,,,,,,,,,19.4318729,,,-99.1960278,Cambalache,,,,,,,,,,,,,,,,,,,,,,,,,,,,,
,,,40,,Medellin,,,restaurant,,,,,,,,,,,,,,,19.4207443,,,-99.166595,Artisans et Boulangers,,,,,,,,,,,,,,,,,,,,,,,,,,,,,
,,,13,,Plaza Madrid,,,restaurant,,,,,,,,,,,,,,,19.4204847,,,-99.1666841,,,,,,,,,,,,,,,,,,,,,,,,,,,,,,
,,,281,,Hamburgo,,,bar,,,,,,,,,,,,,,,19.4230669,,,-99.1716533,La Texcocana,,,,,,,,,,,,,,,,,,,,,,,,,,,,,
,,,,,,,,restaurant,,,sandwich;bagel;breakfast;coffee_shop,,,,,,,,,,wlan,,19.4370486,,,-99.186962,Simplemente Deli,,,,,,,,,,,,,,,,,,,,,,,,,,,,,
,,,,,,,,restaurant,,,japanese;sushi,,,,,,,,,,wlan,,19.4368855,,,-99.1870108,Mr.Sushi,,,,,,,,,,,,,,,,,,,,,,,,,,,,,
,,,,,,,,restaurant,,,ice_cream,,,,,,,,,,,,19.4367831,,,-99.1870012,Nutrisa,,,,,,,,,,,,,,,,,,,,,,,,,,,,,
,,,,,,,,restaurant,,,,,,,,,,,,,,,19.4378849,,,-99.1861608,Pappa John's,,,,,,,,,,,,,,,,,,52507272,,,,,,,,,,,
Ciudad de México,MX,,3,11550,Musset,,,restaurant,,,,,,,,,,,,,,,19.4319112,,,-99.1965383,La Casa Del Pastor,,,,,,,,,,,,,,,,,,,,,,,,,,,,,
,,,,,Francisco I. Madero,,,restaurant,,,,,,,,,,,,,,,19.4334854,,,-99.1366171,Vips,,,,,,,,,,,,,,,,,,,,,,,,,,,,,
,,,,,Francisco I. Madero,,,restaurant,,,,,,,,,,,,,,,19.4333912,,,-99.1359273,Vips,,,,,,,,,,,,,,,,,,,,,,,,,,,,,
,,,117,06600,Bucareli,,,school,,,,,,,,,,,,,,,19.4292189,,,-99.1524806,"Centro de Estudios Tecnológicos, Industriales y de Servicios NÚM: 11 (CETIS 11)",,Escuela Nacional de Artes Gráficas (CETIS 11),,,,,,,,,,,,,,,,55922250,,,,,,,,http://www.cetis011.edu.mx,,,
,,,50,03580,Calz. Ermita Iztapalapa,,,restaurant,,,,,,,,,,,,,,,19.3598755,,,-99.140931,Ermita 50,,Ermita 50,,,,,,,,,,,,,,,,,,,,,,,,,,,
,,,,,,,,restaurant,,,,,,,,,,,,,,,19.3599767,,,-99.141881,Taquería La Michoacana,,Taquería La Michoacana,,,,,,,,,,,,,,,,,,,,,,,,,,,
,,,,,Miraflores,,,restaurant,,,,,,,,,,,,,,,19.3600362,,,-99.1419529,El Sazoncito,,El Sazoncito,,,,,,,,,,,,,,,,,,,,,,,,,,,
,,,166,,Colima,,,restaurant,,,,,,,,,,,,,,,19.4198209,,,-99.1597047,,,,Rosetta,,,,,,,,,,,,,,,,,,,,,,,,,,
,,,,,,,,bar,,,mexican,,,,,,,,,,,,19.43791,,,-99.141822,La Pelusa,,,,,,,Mo-Su 23:00-11:00,,,,,,,,,,,,,,,,,,,,,,
,,,,,República de Cuba,,,bar,,,,,,,,,,,,,,,19.437486,,,-99.1385539,Las pecosas,,,,,,,,,,,,,,,,,,,,,,,,,,,,,
,,,,,,,,bar,,,,,,,,,,,,,,,19.4395155,,,-99.1373997,La Esperanza,,,,,,,,,,,,,,,,,,,,,,,,,,,,,
,,,,,,,,bar,,,,,,,,,,,,,,,19.4376745,,,-99.133967,Salón Madrid,,,,,,,,,,,,,,,,,,,,,,,,,,,,,
,,,50,,San Ildefonso,,,restaurant,,,mexican,,,,,,,,,,,,19.4364612,,,-99.1306598,San Francisco,,,,,,,Mo-Su 09:00-18:00,,,,,,,,,,,,,,,,,,,,,,
Ciudad de México,MX,,139,11560,Campos Eliseos,,,school,,,,,,,,,,,,,,,19.4298563,,,-99.1901205,,,Colegio Ciudad de México,,,,,,,,,,,,,,,,,,,,,,,,,,,
,,,,,,,,school,,,,,,,,,,,,,,,19.3600352,,,-99.1660738,Escuela,,,,,,,,,,,,,,,,,,,,,,,,,,,,,
,,,112,,Emiliano Zapata,,,restaurant,,,,,,,,,,,,,,,19.3649749,,,-99.1477717,Zapata 7,,Zapata 7,,,,,,,,,,,,,,,,,,,,,,,,http://www.zapatasiete.com,,,
,,,94,,Observatorio,,,school,,,,,,,,,,,,,,,19.4040012,,,-99.1909211,Centro de Estudios del Ejército y Fuerza Aérea,,Centro de Estudios del Ejército y Fuerza Aérea,,,,,,,,,,,,,,,,,,,,,,,,,,,
,,,39,,Orizaba,,,restaurant,,,seafood,,,,,,,meromeroroma@gmail.com,,,,,19.4218165,,,-99.1606665,El Mero de la Roma,,El Mero de la Roma,,,,,,,,,,,,,,,,,,,,,,,,,,,
,,,10,,5 de Mayo,,,restaurant,,,,,,,,,,,,,,,19.4347121,,,-99.1399749,Restaurante 5M,,Restaurante 5M,,,,,,,,,,,,,,,,,,,,,,,,,,,
,,,122,,Avenida Tamaulipas,,,restaurant,,,,,,,,,,,,,,,19.4119258,,,-99.1736856,Tizoncito Tacos,,Tizoncito Tacos,,,,,,,,,,,,,,,,,,,,,,,,,,,
,,,375,,Avenida Baja California,,,bar,,,,,,,,,,,,,,,19.4056886,,,-99.1763705,El Depósito,,El Depósito,,,,,,,,,,,,,,,,,,,,,,,,,,,
,,,375,,Avenida Baja California,,,bar,,,,,,,,,,,,,,,19.40569,,,-99.1763813,El Depósito,,El Depósito,,,,,,,,,,,,,,,,,,,,,,,,,,,
,,,133,,Tonalá,,,restaurant,,,,,,,,,,,,,,,19.4152498,,,-99.1619272,Máximo Bistrot Local,,Máximo Bistrot Local,,,,,,,,,,,,,,,,,,,,,,,,,,,
,,,9,,Michoacán,,,restaurant,,,,,,,,,,,,,,,19.4105763,,,-99.1671946,Bistrot Mosacio,,Bistrot Mosacio,,,,,,,,,,,,,,,,,,,,,,,,,,,
,,,,,Amsterdam,,,restaurant,,,,,,,,,,,,,,,19.4118426,,,-99.1676685,Kitchen 6 Gastropub,,Kitchen 6 Gastropub,,,,,,,,,,,,,,,,,,,,,,,,,,,
,,,173,,Zacatecas,,,restaurant,,,,,,,,,,,,,,,19.415336,,,-99.1622319,Lalo!,,Lalo!,,,,,,,,,,,,,,,,,,,,,,,,,,,
,,,268,,Colima,,,restaurant,,,mexican,,,,,,,,,,,,19.4188817,,,-99.1641334,Yuban (bar/restaurant),,Yuban (bar/restaurant),,,,,,,,,,,,,,,,,,,,,,,,,,,
,,,161,,Orizaba,,,bar,,,,,,,,,,,,,,,19.4149921,,,-99.1588559,Graciela (craft beer/ restaurant),,Graciela (craft beer/ restaurant),,,,,,,,,,,,,,,,,,,,,,,,,,,
,,,,,,,,school,,,,,,,,,,,,,,,19.3713206,,,-99.1833732,Campana UP,,Campana UP,,,,,,,,,,,,,,,,,,,,,,,,,,,
Benito Juárez,,,1042,,División del Norte,,,restaurant,,,,,,,,,,,,,,,19.3817063,,,-99.159789,Sanborns Café,,,,,,,,,,,,,,,,,,,,,,,,,,,,,
,,,,,,,,bar,,,,,,,,,,,,,,,19.3763125,,,-99.1585692,El faisan dorado,,,,,,,,,,,,,,,,,,,,,,,,,,,,,
,,,168,06140,Michoacán,,,restaurant,,,,,,,,,,,,,,,19.4112277,,,-99.1790764,Primos,,,,,,,Mo-Sa 08:00-24:00; Su 08:00-18:30,,,,,,,,,,,,,,,,,,,,,,
,,,172,06170,Michoacán,,,restaurant,,,burger,,,,,,,,,,,,19.4112451,,,-99.1793537,We Love Burgers,,,,,,,Mo-Sa 13:00-23:00 Su 13:00-21:00,,,,,,,,,,,,,,,,,,,,,,
,,,148,06140,Mazatlán,,,restaurant,,,bbq,,,,,,,,,,,,19.4109493,,,-99.1787017,Porco Rosso BBQ Condesa,,,,,,,Mo-Su 13:00-22:00,,,,,,,,,,,,,,,,,,,,,,
,,,,,,,,restaurant,,,sushi,,,,,,,,,,,,19.4116064,,,-99.1775131,Sushi Roll,,,,,,,,,,,,,,,,,,,,,,,,,,,,,
,,,,,,,,restaurant,,,french,,,,,,,,,,,,19.4131842,,,-99.172668,Monsieur Croque,,,,,,,,,,,,,,,,,,,,,,,,,,,,,
,,,,,,,,restaurant,,,,,,,,,,,,,,,19.4093806,,,-99.1716312,Ojo de Agua,,,,,,,,,,,,,,,,,,,,,,,,,,,,,
,,,,,,,,restaurant,,,sandwich,,,,,,,,,,,,19.4281442,,,-99.1722585,Munch,,,,,,,,,,,,,,,,,,,,,,,,,,http://munch.mx/,,,
,,,1166 C,03100,Matías Romero,,,restaurant,,,japanese;sushi,,,,,,,,,,,,19.3792987,,,-99.1610552,Nanaya,,Nanaya,,,,,Mo-Su 11:30-21:30,,,,,,,,,,,01 55 5601 6989,,,,,,,,http://sindelantal.mx/ciudad-de-mexico/nanaya-sushi-1784/,,,
,,,1166 D,03100,Matías Romero,,,restaurant,,,mexican;vegetarian;coffee_shop,,,,,,,sugerencias@frutosprohibidos.com,,,wlan,,19.3792574,,,-99.1609635,Frutos Prohibidos,,Frutos Prohibidos,,,,,,Frutos Prohibidos,,,,,,,,,,5601 4340,,,,,,,,http://www.frutosprohibidos.com,,,
,,,,,,,,bar,,,,,,,,,,,,,,,19.416197,,,-99.1637262,Centro de salud,,Centro de salud,,,,,,,,,,,,,,,,,,,,,,,,,,,
,,,144,,Londres,,,restaurant,,,,,,,,,,,,,,,19.4248537,,,-99.1654755,Casa Del Toño,,,,,,,,,,,,,,,,,,,,,,,,,,http://lacasadetono.com.mx,,,
Ciudad de México,MX,,,,Calz. Chivatito,,,school,,,,,,,,,,,,,,,19.4203438,,,-99.1920722,Centro de Adiestramiento del C.G.P.,,Centro de Adiestramiento del C.G.P.,,,,,,,,,,,,,,,,,,,,,,,,,,,
,,,298,,Álvaro Obregón,,,bar,,,,,,,,,,,,,,,19.416269,,,-99.169187,La Clandestina,,,,,,,,,,,,,,,,,,,,,,,,,,http://www.milagrito.com,,,
,,,322,06100,Campeche,,,restaurant,,,,,,,,,,,,,,,19.4087015,,,-99.1728252,Fonda Mayora,,,,,,,Mo-Su 08:00-18:30,,,,,,,,,,,,,,,,,,,http://www.fondamayora.com,,,
,,,87,,Cerrada Pachuca,,,restaurant,,,,,,,,,,,,,,,19.4154432,,,-99.1776552,el Rincon Gourmet,,,,,,,,,,,,,,,,,,,,,,,,,,,,,
,,,122,,Avenida Tamaulipas,,,restaurant,,,,,,,,,,,,,,,19.4099293,,,-99.1752255,El Tizoncito Tamaulipas,,,,,,,,,,,,,,,,,,,,,,,,,,,,,
Ciudad de México,MX,,120,,Alfonso Reyes,,,bar,,,,,,,,,,,,,,,19.4090667,,,-99.1772753,la Botica,,,,,,,,,,,,,,,,,,,,,,,,,,http://www.labotica.com.mx,,,
,,,,,,,,restaurant,,,,,,,,,,,,,,,19.4127097,,,-99.1654989,Sushi Roll,,,,,,,,,,,,,,,,,,,,,,,,,,,,,
,,,,,,,,bar,,,,,,,,,,,,,,,19.4159413,,,-99.1648289,Lvsitano,,,,,,,,,,,,,,,,,,,,,,,,,,,,,
Ciudad de México,,,80,06700,Oaxaca,,,restaurant,,,bar&grill,,,,,,,,,,,,19.4189943,,,-99.1669879,Papa Guapa,,,,,,,Mo-We 13:00 23:00; Th-Sa 13:00 03:00; Su 13:00 22:00,,,,,,,,,,,,,,,,,,,,,,
,,,,,,,,bar,,,,,,,,,,,,,,,19.4190665,,,-99.1674107,Gin Gin,,,,,,,Tu-Sa 18:00 02:00,,,,,,,,,,,,,,,,,,,,,,
Ciudad de México,MX,,306,06100,Amsterdam,,,restaurant,,,lebanese,,,,,,,,,,,,19.4141665,,,-99.166988,El Jamil,,,,,,,Mo-We 13:30 23:00; Th-Sa 13:30 23:30,,,,,,,,,,,,,,,,,,,,,,
,,,309,06140,Amsterdam,,,restaurant,,,,,,,,,,,,,,,19.4144142,,,-99.1665671,Le Pain Quotidien - Condesa,,,,,,,,,,,,,,,,,,,,,,,,,,,,,
,,,,,,,,restaurant,,,,,,,,,,,,,,,19.4364853,,,-99.1316477,Taquelia,,Taquelia,,,,,,,,,,,,,,,,,,,,,,,,,,,
,,,157,06090,República de El Salvador,,,restaurant,,,lebanese,,,,,,,,,,,,19.4286004,,,-99.1298986,Helus,,,,,,,Mo-Fr 10:00-19:00; Sa 10:00-17:00,,,,,,,,,,,,,,,,,,,http://www.productoshelus.com.mx/,,,
Ciudad de México,MX,,843,11529,Av Ejercito Nacional,,,restaurant,,,thai,,,,,,,,,,,,19.4393668,,2,-99.2035082,Erawan,,,,,,,Mo-We 13:00-23:00; Th-Sa 13:00-02:00; Su 13:00-18:00,CINBERSOL,,,,,,,,,,,,,,,,,,,,,
CDMX,,,"170 Local B,Benito Juarez ,Plaza San Antonio,Mixcoac",03910,Calle Miguel Ángel,,,restaurant,,,,,,,,,,,,,,,19.3844475,,,-99.1881874,Toks Mixcoac,,,,,,,,,,,,,,,,,,,,,,,,,,http://www.toks.com.mx,limited,"Restaurante, con estacionamiento , no hay rampas para acceso , baños nada accesibles para silla de ruedas.",
,,,183,06700,Colima,,,restaurant,,,thai,,,,,,,,,,,,19.4198695,,,-99.16068,Sesame,,,,,,,,,,,,,,,,,,,,,,,,,,,,,
CDMX Cuauhtémoc.,,,156,06080,Calle Bolivar,,,restaurant,,,,,,,,,,,,,,,19.4236068,,,-99.1396628,Toks Bolivar,,,,,,,,,,,,,,,,,,,,,,,,,,http://www.toks.com.mx,yes,"Restaurante cuenta con estacionamiento,Rampas para acceso, Baños accesibles para silla de ruedas.",
CDMX Álvaro Obregón,,,,01710,"Manuel Gutiérrez Zamora2,Colonia Las Águilas Pilares",,,restaurant,,,,,,,,,,,,,,,19.3570948,,,-99.199035,Toks Las Águilas,,,,,,,,,,,,,,,,,,,,,,,,,,http://www.toks.com.mx,yes,"Restaurante con accesos por rampa de salida de emergencia , baños no muy accesibles para sillas de ruedas.",
"Miguel Hidalgo, CDMX",,,"239, CDMX Lomas de Chapultepec V.Secc",11000,Av.Paseo de las palmas,,,restaurant,,,,,,,,,,,,,,,19.4305548,,,-99.2103656,Toks Las Palmas,,,,,,,,,,,,,,,,,,,,,,,,,,,limited,"Restaurante con acceso por la plaza , no cuenta con rampas, baños no accesibles para sillas de ruedas .",
"Benito Juárez,CDMX.",,,,03310,"Yacatas 520,Ciudad de México, Sta Cruz Atoyac",,,restaurant,,,,,,,,,,,,,,,19.3641512,,,-99.1607837,Toks Popocatepetl,,,,,,,,,,,,,,,,,,,,,,,,,,http://www.toks.com.mx,limited,"Restaurante cuenta con estacionamiento, no tiene rampas para acceso,Baños no accesibles para sillas de ruedas.",
,,,115,,Uruguay,,,restaurant,,,,,,,,,,,,,,,19.4298219,,,-99.1319616,La Corte,,,,,,,,,,,,,,,,,,55427358,,,,,,,,,,,
,,,15,06600,Havre,,,restaurant,,,french,,,,,,,,,,,,19.4283026,,,-99.1623086,Cordon Bleu,,,,,,,,,,,,,,,,,,55 5208 0660,,,,,,,,http://restaurantecordonbleu.com/,,,
,,,,,,,,restaurant,,,french,,,,,,,,,,,,19.4184475,,,-99.1600385,Galia Gourmet,,,,,,,,,,,,,,,,,,,,,,,,,,http://galiagourmet.com/contact.html,,,
CDMX,,,"83,Iztapalapa,Bandijal",09450,Av.Municipio Libre,,,restaurant,,,,,,,,,,,,,,,19.3667883,,,-99.1367189,Toks Municipio libre,,,,,,,,,,,,,,,,,,,,,,,,,,http://www.toks.com.mx,yes,"Restaurante con estacionamiento,rampas para acceso,Baños ,uy accesibles para sillas de ruedas.",
CDMX.,,,"462, Benito Juárez ,Piedad Narvarte",03000,"Parque Delta,Av.Cuauhtemoc",,,restaurant,,,,,,,,,,,,,,,19.4030668,,,-99.1545733,Toks Parque Delta,,,,,,,,,,,,,,,,,,,,,,,,,,http://www.toks.com.mx,yes,"Restaurante con estacionamiento, Rampas con acceso al lugar , baños muy espaciosos para sillas de ruedas.",
CDMX,,,"37 ,Cuauhtémoc,Buenavista",06350,Av.Puente de Alvarado,,,restaurant,,,,,,,,,,,,,,,19.4385996,,,-99.1510579,Toks Puente de Alvarado,,,,,,,,,,,,,,,,,,,,,,,,,,http://www.toks.com.mx,yes,"Restaurante con estacionamiento , cuenta con acceso por estacionamiento , baños accesibles para sillas de ruedas.",
CDMX,,,"No.3 ,Cuauhtemoc ,Santa María,La ribera",06400,Av.Ribera de San Cosme,,,restaurant,,,,,,,,,,,,,,,19.4403125,,,-99.1558532,Toks San Cosme,,,,,,,,,,,,,,,,,,,,,,,,,,http://www.toks.com.mx,limited,"Restaurante con estacionamiento,No hay rampas para acceso,Baños no accesibles para silla de ruedas.",
CDMX,,,,"03610,Américas Unidas",Calz.de Tlalpan 1013,,,restaurant,,,,,,,,,,,,,,,19.3826202,,,-99.1401949,Toks Tlalpan Eje 5,,,,,,,,,,,,,,,,,,,,,,,,,,http://www.toks.com.mx,yes,"Restaurante con estacionamiento,rampas para acceso,Baños muy accesibles",
CDMX,,,"582,Moderna",03510,Calz. de Tlalpan,,,restaurant,,,,,,,,,,,,,,,19.3973184,,,-99.1370857,Toks Tlalpan Xola,,,,,,,,,,,,,,,,,,,,,,,,,,http://www.toks.com.mx,yes,"Restaurante con estacionamiento,rampas para acceso al lugar,baños muy accesibles para sillas de ruedas.",
Narvarte Poniente,,,154,03020,Palenque,,,restaurant,,,argentina,,,,,,,,,,,,19.392853,,,-99.1519302,Casquet,,,,,,,,,,,,,,,,,,,,,,outside,,,,,,,
,,,,,,,,restaurant,,,,,,,,,,,,,,,19.4387865,,,-99.167789,La Polar,,,,,,,,,,,,,,,,,,,,,,,,,,,,,
,,,,,,,,bar,,,,,,,,,,,,,,,19.4115059,,,-99.1552607,Wing's Army,,Wing's Army,,,,,,,,,,,,,,,,,,,,,,,,,,,
CDMX,,,"Los morales , Polanco , CDMX",11510,"Corporativo Polanco Av.ejercito nacional Esq.Luis Vives ,Miguel Hidalgo",,,restaurant,,,,,,,,,,,,,,,19.4380696,,,-99.2095604,Toks corporativo Polanco,,,,,,,,,,,,,,,,,,,,,,,,,,http://www.toks.com.mx,no,"Restaurante sin estacionamiento , no cuenta con rampas, baños no muy accesibles para silla de ruedas.",
,,,44,06600,Milan,,,restaurant,,,japanese,,,,,,,,,,,,19.4294292,,,-99.1569847,Edo-Ya,,,,,,,,,,,,,,,,,,,,,,,,,,,,,
,,,87,06500,Río Ebro,,,restaurant,,,japanese,,,,,,,,,,,,19.4287648,,,-99.169513,Rokai,,,,,,,Mo-Sa 13:30-17:00 & 19:00-23:00; Su 13:00-18:00,,,,,,,,,,,,,,,,,,,http://www.edokobayashi.com/,,,
,,,89,06500,Río Ebro,,,restaurant,,,japanese,,,,,,,,,,,,19.4286965,,,-99.1694768,Ramen-ya ROKAI,,,,,,,Mo-Sa 13:30-17:00 & 19:00-23:00; Su 13:00-18:00,,,,,,,,,,,,,,,,,,,http://www.edokobayashi.com/,,,
,,,132,06500,Río Pánuco,,,restaurant,,,yakitori,,,,,,,,,,,,19.429573,,,-99.1696176,Hiyoko,,,,,,,Mo-Sa 16:00-00:30,Rokai,,,,,,,,,,,,,,,,,,http://www.edokobayashi.com/,,,
,,,130,06500,Río Pánuco,,,bar,,,,,,,,,,,,,,,19.4296261,,,-99.1694996,Le Tachinomi Desu,,,,,,,Mo-Sa 19:00-01:00,,,,,,,,,,,,,,,,,,,http://www.edokobayashi.com/,,,
CDMX,,,21,06070,Ernesto Pugibet,,,restaurant,,40,"Prehispanica,_Exotica",,yes,"Comoda Prehispanica y Exotica, Escorpion, Gusano de Maguey, cocodrilo, Bufalo, Hormiga chicatana",,,,,,,,,19.4298741,,1,-99.1452394,La Cocina de San Juan,,,,,,,10:00-20:00,,,,,,,,,,,+525555125237,,,,outside,,yes,,https://www.lacocinadesanjuan.com,yes,,
,,,,,,,,restaurant,,,,,,,,,,,,,,,19.4097002,,,-99.1836902,El Portón,,,,,,,,,,,,,,,,,,,,,,,,,,,,,
,,,150,06500,Río Danubio,,,restaurant,,,,,,,,,,,,,,,19.4296907,,,-99.1674127,La Chinampa,,,,,,,,,,,,,,,,,,,,,,,,,,,,,
Ciudad de México,MX,,212,11550,Av. Emilio Castelar,,,restaurant,,,,,,,,,,,,,,,19.4314705,,,-99.2012964,Taquería El Turix,,,,,,,,,,,,,,,,,,,,,,,,,,,,,
Ciudad de México,MX,,254,11570,Fco. Petrarca,,,restaurant,,,,,,,,,,,,,,,19.4336326,,,-99.18545,Pujol,,,,,,,,,,,,,,,,,,,,,,,,,,,,,
,,,256,06700,Colima,,,restaurant,,,,,,,,,,,,,,,19.4189148,,,-99.1640314,Huset,,,,,,,,,,,,,,,,,,,,,,,,,,,,,
,,,95,06600,General Prim,,,restaurant,,,,,,,,,,,,,,,19.4309702,,,-99.1565049,Amaya,,,,,,,,,,,,,,,,,,,,,,,,,,,,,
,,,147,06170,Avenida Tamaulipas,,,restaurant,,,,,,,,,,,,,,,19.4095774,,,-99.1757945,Fat Boy Moves,,,,,,,,,,,,,,,,,,,,,,,,,,,,,
Ciudad de México,MX,,6,06140,Agustín Melgar,,,restaurant,,,,,,,,,,,,,,,19.4178338,,,-99.1750171,Lardo,,,,,,,,,,,,,,,,,,,,,,,,,,,,,
,,,280,06100,Tehuantepec,,,bar,,,,,,,,,,,,,,,19.4033251,,,-99.1702658,Santa Leyenda,,,,,,,,,,,,,,,,,,,,,,,,,,http://santaleyendabar.com/,,,
,,,,,,,,restaurant,,,,,,,,,,,,,,,19.4328886,,,-99.136196,azul historico,,azul historico,,,,,,,,,,,,,,,,,,,,,,,,,,,
,,,33,,Frontera,,,restaurant,,,,,,,,,,,,,,,19.4207648,,,-99.1563616,Lucas Local,,,,,,,,,,,,,,,,,,,,,,,,,,,,,
,,,,,,,,bar,,,,,,,,,,,,,,,19.4375982,,,-99.1894433,El Deposito,,,,,,,,,,,,,,,,,,,,,,,,,,,,,
,,,,,Ignacio Mariscal,,,bar,,,,,,,,,,,,,,,19.4379125,,,-99.1536462,La Taberna,,La Taberna,,,,,,,,,,,,,,,,,,,,,,,,,,,
,,,20,,Bolivar,,,bar,,,,,,,,,,,,,,,19.4289137,,,-99.1389754,Cantina La Mascota,,,,,,,,,,,,,,,,,,,,,,,,,,,,,
,,,,,Orizaba,,,restaurant,,,mexican,,,,,,,,,,,,19.414892,,,-99.1588411,El Callejero,,El Callejero,,,,,,,,,,,,,,,,55 5264 4397,,,,,,,,,,,
Ciudad de México,,,22,11650,Cerrada de las Palomas,,,restaurant,,,spanish,,,,,,,,,,,,19.4339274,,,-99.2127444,El Puntal del Norte,,,,,,,,,,,,,,,,,,,,,,,,,,,,,
,,,,,,,,restaurant,,,,,,,,,,,,,,,19.4428523,,,-99.2069744,Cecile,,Cecile,,,,,,,,,,,,,,,,,,,,,,,,,,,
,,,,,,,,restaurant,,,,,,,,,,,,,,,19.4223062,,,-99.1731179,dona blanca,,,,,,,,,,,,,,,,,,,,,,,,,,,,,
,,,32,57210,Allende,,,bar,,,regional,,,,,,,,,,wlan,,19.4367466,,,-99.1378691,Los Jarritos,,Los Jarritos,,,,,Tu-Sa 12:00-02:00,,,,,,,,,,,,,,,,,,,,,,
,,,,,,,,restaurant,,,waffle,,,,,,,,,,,,19.4176872,,,-99.160939,Behr Taller de Waffles,,,,,,,,,,,,,,,,,,,,,,,,,,,,,
,,,,,,,,restaurant,,,mexican,,,,,,,,,,,,19.4342297,,,-99.1357978,Arandas Taqueria,,Arandas Taqueria,,,,,,,,,,,,,,,,,,,,,,,,,,,
,,,,08810,Playa Erizo,,,restaurant,,,japanese,,,,,,,,,,,,19.3857525,,,-99.1247528,Sushi hashi,Sushi hashi,Sushi hashi,,,,,Tu-Su 10:00-22:00; Mo,,,,,,,,,,,,,,,,,,,,,,
,,,,,,,,restaurant,,,Chilaquiles,,,,,,,,,,,,19.4069452,,,-99.1845294,Chilakiller's,,,,,,,,,,,,,,,,,,,,,,,,,,,,,
,,,,,,,,bar,,,,,,,,,,,,,,,19.4037327,,,-99.15293,Cervecería de Barrio,,Cervecería de Barrio,,,,,,,,,,,,,,,,,,,,,,,,,,,
Ciudad de México,MX,,81,11560,Alejandro Dumas,,,restaurant,,,,,,,,,,,,,,,19.4304539,,,-99.1958045,Cafebrería El Péndulo,,,,,,,,,no,,,,,,,,,,,,,,,,,,,,
,,,,,,,,bar,,,,,,,,,,,,,,,19.4238223,,,-99.1588424,,Patrick Miller,,,,,,,,,,,,,,,,,,,,,,,,,,,,
,,,180,06100,Av. Sonora,,,restaurant,,,italian,,,,,,,,,,,,19.4132656,,,-99.1676381,Trattoria Giacovanni,,,,,,,,,,,,,,,,,,,,,,,,,,,,,
,,,30,,Antonio Caso,,,restaurant,,,mexican,,,,,,,,,,,,19.4340919,,,-99.1565517,Taqueria E I Progreso,,,,,,,,,,,,,,,,,,01 55 5592 8964,,,,,,,,,,,
,,,,,,,,restaurant,,,,,,,,,,,,,,,19.426919,,,-99.1630011,,EL LUGAR DEL MARIACHI,,,,,,,,,,,,,,,,,,,,,,,,,,,,
,,,222,,Av. Moliere,,,restaurant,,,,,,,,,,,,,,,19.4359402,,,-99.2030996,Prendes,,,,,,,,,,,,,,,,,,,,,,,,,,,,,
,,,,,1. Cjon. de Mesones,,,bar,,,mexican,,,,,,,,,,,,19.4282652,,,-99.1359238,La Surianita,,La Surianita,,,,,,,,,,,,,,,,,,,,,,,,,,,
,,,182,,Queretaro,,,bar,,,,,,,,,,,,,wlan,,19.4143656,,,-99.1627268,Cervecería Escollo,,,,,,,,,,,,,,,,,,,,,,,,,,,,,
,,,200,,Durango,,,restaurant,,,,,,,,,,,,,wlan,,19.4195994,,,-99.1673144,Contramar,,,,,,,,,,,,,,,,,,,,,,,,,,,,,
,,,144,,Londres,,,restaurant,,,,,,,,,,,,,,,19.4247685,,,-99.1651597,La Casa de Tono,,,,,,,,,,,,,,,,,,,,,,,,,,,,,
,,,90,,Alvaro Obregón,,,restaurant,,,,,,,,,,,,,,,19.418289,,,-99.1588397,Tacos Alvaro Obregon,,,,,,,,,,,,,,,,,,,,,,,,,,,,,
,,,39,,Alvaro Obregón,,,bar,,,,,,,,,,,,,,,19.4191994,,,-99.1561743,El Palenquito,,,,,,,,,,,,,,,,,,,,,,,,,,,,,
,,,9,,Oscar Wilde,,,bar,,,,,,,,,,,,,,,19.4302965,,,-99.1970886,Limantour,,,,,,,,,,,,,,,,,,,,,,,,,,,,,
,,,161,,Orizaba,,,bar,,,,,,,,,,,,,,,19.414855,,,-99.1590846,La Nacional,,,,,,,,,,,,,,,,,,,,,,,,,,,,,
,,,154,,Alvaro Obregón,,,restaurant,,,,,,,,,,,,,,,19.4176273,,,-99.1619835,Cocina Conchita & Departamento,,,,,,,,,,,,,,,,,,,,,,,,,,,,,
,,,64,,Alvaro Obregón,,,bar,,,,,,,,,,,,,,,19.4184925,,,-99.1576341,Felix,,,,,,,,,,,,,,,,,,,,,,,,,,,,,
,,,49,,Alvaro Obregón,,,bar,,,,,,,,,,,,,,,19.4190978,,,-99.1568854,Romita Comedor,,,,,,,,,,,,,,,,,,,,,,,,,,,,,
,,,87,,Orizaba,,,restaurant,,,,,,,,,,,,,,,19.4195878,,,-99.1602106,Cirene,,,,,,,,,,,,,,,,,,,,,,,,,,,,,
,,,106,,Alvaro Obregón,,,bar,,,,,,,,,,,,,,,19.4181496,,,-99.1595255,Licoreria Limantour,,,,,,,,,,,,,,,,,,,,,,,,,,,,,
,,,79,,Medellin,,,restaurant,,,,,,,,,,,,,,,19.4180683,,,-99.1662463,Fonda Fina,,,,,,,,,,,,,,,,,,,,,,,,,,,,,
,,,298,,Álvaro Obregón,,,restaurant,,,,,,,,,,,,,,,19.4162719,,,-99.1690517,La Lavanderia,,,,,,,,,,,,,,,,,,,,,,,,,,,,,
,,,2,,República de Honduras,,,restaurant,,,,,,,,,,,,,,,19.4410344,,,-99.1389606,Salon Tenampa,,,,,,,,,,,,,,,,,,,,,,,,,,,,,
,,,14,,Milan,,,bar,,,,,,,,,,,,,,,19.4308809,,,-99.1565136,Parker & Lennox,,,,,,,,,,,,,,,,,,,,,,,,,,,,,
,,,,,,,,restaurant,,,,,,,,,,,,,,,19.4254896,,,-99.1814605,,,,,,,,,,,,,,,,,,,,,,,,,,,,,,
,,,117,04100,Gómez Farias,,,restaurant,,,mexican,,,,,,,,,,,,19.3545957,,,-99.1596408,La Talavera,,La Talavera,,,,,Mo-Su 08:00-18:00,,,,,,,,,,,015556591939,,,,,,,,,,,
,,,93,,Yucatán,,,restaurant,,,,,,,,,,,,,,,19.4132503,,,-99.1625866,Todo Empanadas,,,,,,,,,,,,,,,,,,,,,,,,,,,,,
,,,,,Av. Porfirio Diaz,,,restaurant,,,japanese,,,,,,,,,,wlan,,19.3801336,,,-99.1772829,Daruma,,Daruma,,,,,,,,,,,,,,,,,,,,,,,,,,,
,,,,,Av. Porfirio Diaz,,,restaurant,,,,,,,,,,,,,,,19.3800817,,,-99.1774053,,,,,,,,,,,,,,,,,,,,,,,,,,,,,,
,,,,,Extremadura,,,restaurant,,,argentinian,,,,,,,,,,,,19.374402,,,-99.1812769,La esquina argentina,,La esquina argentina,,,,,,,,,,,,,,,,,,,,,,,,,,,
,,,,,Av. Porfirio Diaz,,,restaurant,,,mexican,,,,,,,,,,,,19.3799597,,,-99.1777084,,,,,,,,,,,,,,,,,,,,,,,,,,,,,,
,,,,,,,,restaurant,,,korean,,,,,,,,,,,,19.4232211,,,-99.1664271,,Na De Fo,,,,,,,,,,,,,,,,,,,,,,,,,,,,
,,,371,,Avenida Universidad,,,restaurant,,,Panadería_artesanal,,,,,,,,,,,,19.3868457,,,-99.1547377,Costra,,,,,,,8-9,,yes,,,,,,,,,,,,,,,,,,,,
,,,200,06700,Durango,,,restaurant,,,seafood,,,,,,,info@contramar.com.mx,,,,,19.419611,,,-99.1672259,Contramar,,,,,,,Su-Th 12:00-18:30; Fr-Sa 12:00-20:00,,,,,,,,,,,+525555149217,,,,,,,,,,,
,,,137,,Avenida Nuevo León,,,restaurant,,,mexican,,,,,,,,,,wlan,,19.4095853,,,-99.1728168,La Capital,,,,,,,Mo-We 13:30-00:00; Th-Sa 13:30-01:00; Su 13:30-19:00,Cocina de autor,,,,,,,,,,+525552565159,,,,,,,,http://lacapitalrestaurante.com/restaurante,,,
,,,,,,,,restaurant,,,,,,,,,,,,,,,19.4386428,,,-99.180696,Café Madero,,,,,,,,,,,,,,,,,,,,,,,,,,,,,
Ciudad de México,,,77,11560,Alejandro Dumas,,,restaurant,,,,,,,,,,,,,,,19.4303407,,,-99.1958196,Pacifica,,,,,,,,,,,,,,,,,,,,,,,,,,,,,
,,,,,,,,restaurant,,,,,,,,,,,,,,,19.4309843,,,-99.1957487,Catamundi,,,,,,,,,,,,,,,,,,,,,,,,,,,,,
,,,,,,,,restaurant,,,,,,,,,,,,,,,19.4304342,,,-99.196115,Villa Rica,,,,,,,,,,,,,,,,,,,,,,,,,,,,,
,,,,,,,,restaurant,,,,,,,,,,,,,,,19.4303521,,,-99.1964529,Bellopuerto,,,,,,,,,,,,,,,,,,,,,,,,,,,,,
,,,,,,,,restaurant,,,,,,,,,,,,,,,19.4299047,,,-99.1963173,50 Fiends,,,,,,,,,,,,,,,,,,,,,,,,,,,,,
,,,,,,,,restaurant,,,,,,,,,,,,,,,19.4301226,,,-99.1966423,Capri,,,,,,,,,,,,,,,,,,,,,,,,,,,,,
,,,,,,,,restaurant,,,,,,,,,,,,,,,19.4302068,,,-99.1966023,Nonsolo,,,,,,,,,,,,,,,,,,,,,,,,,,,,,
,,,,,,,,restaurant,,,,,,,,,,,,,,,19.4303332,,,-99.1967779,La Rua,,,,,,,,,,,,,,,,,,,,,,,,,,,,,
,,,,,,,,restaurant,,,,,,,,,,,,,,,19.4302722,,,-99.1968318,La Criolla,,,,,,,,,,,,,,,,,,,,,,,,,,,,,
,,,,,,,,restaurant,,,,,,,,,,,,,,,19.4304959,,,-99.196687,Day Light Salads,,,,,,,,,,,,,,,,,,,,,,,,,,,,,
,,,,,,,,restaurant,,,,,,,,,,,,,,,19.430557,,,-99.1969405,Tacos y Tortas Muy Salsa,,,,,,,,,,,,,,,,,,,,,,,,,,,,,
,,,,,,,,restaurant,,,,,,,,,,,,,,,19.4305507,,,-99.1970089,Confetti,,,,,,,,,,,,,,,,,,,,,,,,,,,,,
,,,42,,Alfredo Chavero,,,bar,,,,,,,,,,,,,wlan,,19.4176015,,,-99.1410752,La Quebrada,,La Quebrada,,,,,,,,,,,,,,,,,,,,,,,,,,,
,,,,,Alfredo Chavero,,,restaurant,,,japanese,,,,,,,,,,,,19.4175978,,,-99.140999,Nigiri Sushi,,Nigiri Sushi,,,,,,,,,,,,,,,,,,,,,,,,,,,
Ciudad de México,,,800,03100,Avenida Insurgentes Sur,,,restaurant,,,regional,,,,,,,,,,,,19.390172,,,-99.173414,El Bajío,,,,,,,,,,,,,,,,,,,,,,,,,,,,,
,,,,,,,,restaurant,,,pizza,,,,,,,,,,,,19.4390082,,,-99.1364904,Los Alquimistas,,,,,,,,,,,,,,,,,,,,,,,,,,,,,
,,,183,,Tonalá,,,restaurant,,,,,,,,,,,,,,,19.4125369,,,-99.1613654,La Cadencia Lonchería,,,,,,,,,yes,,,,,,,,,,,,,,,,,http://lacadencia.com,,,
,,,,,Lerma,,,restaurant,,,,,,,,,,,,,,,19.4305886,,,-99.1644017,Don Guero,,Don Guero,,,,,,,,,,,,,,,,,,,,,,,,,,,
Mexico,,,59,,Calle Pachuca,,,restaurant,,,,,,,,,,,,,,,19.4165544,,,-99.1771124,Veguísimi Vegan Restaurant,,,,,,,,,,,,,,,,,,,,,,,,,,,,,
,,,,,,,,restaurant,,,japanese,,,,,,,,,,,,19.425913,,,-99.1651828,Tokyo,,,,,,,,,,,,,,,,,,,,,,,,,,,,,
